instance_id,coal_sample,pellet,subsample,scs_class,target_value,Area under FFT curve_raw,Magnitude of dominant frequency_raw,Spectral Bandwidth 1_raw,Spectral Bandwidth 2_raw,Spectral Bandwidth 3_raw,Spectral Area 1,Spectral Area 2,Spectral Area 3,Spectral Area 4,Spectral Entropy 1,Spectral Entropy 2,Spectral Entropy 3,Spectral Entropy 4,Absorption Proxy_proc,Peak Time_proc,Rise time_proc,Fall time_proc,Signal Energy_proc,Area under the curve_proc,1st peak magnitude/2nd peak magnitude,RMS value,P2P,Dominant Frequency 1 peak,Dominant Frequency 3 peak,Absorption Proxy,Dominant Frequency 2 peak,SNR_raw,Spectral Bandwidth 4,Spectral Centroid,Skew Value,SNR_Processed,Spectral Centroid 1,Spectral Centroid 2,Spectral Bandwidth 1,Spectral Bandwidth 5,Spectral Centroid 3,Kurtosis,Wave Energy 3,Acoustic Velocity,Peak Time,Spectral Bandwidth 3,Wave Entropy,P2P-TDB3,Peak Duration,Spectral Centroid 4
C5_P1_01,C5,P1,1,High,26.48,0.1142558741265337,0.0234577922595138,0.0568004344821057,0.0582544169658774,0.0582550866644247,0.0007848693375875,0.0007865897810433,0.0006023362673537,0.001505824715781,0.8278948970341439,0.9255298971994816,0.6984700381156403,0.9423898494167074,0.0021022752018434,3.78e-06,6.250304125899637e-07,1.1357093435838409e-06,1.0699178672991504e-05,7.206845707266378e-10,2.7756654229530926,0.0023254781463399,0.0055301679380763,0.267379679144385,0.6111535523300229,0.0044695269408416,0.5729564553093965,15.242165155535288,0.0590111822248833,8.996446360526598,-9.3029718086571,-12.963972160097883,0.3114050596699476,0.5015206421294072,0.0568004344821057,0.0830749328982538,0.6663289663025893,293.0374124588854,3.0787268065394714e-06,1840.4907975460123,6e-08,0.0582550866644247,0.9132865737636784,7.219279705891109e-05,1.0474768356762682e-06,0.8896266829850183
C5_P1_02,C5,P1,2,High,26.48,0.1143499510344248,0.0348566772077875,0.0607345236366426,0.062485948552212,0.0626502077647483,0.0008697878861566,0.000783559631542,0.0004966877590005,0.0015688604285563,0.853953519978329,0.8257967615213337,0.595251567105679,0.9318220618420652,0.0021195068830653,3.78e-06,5.41682071400739e-07,1.1067505513714418e-06,1.1156491517063136e-05,7.903462841465252e-10,2.571239553706737,0.0022592046048356,0.0055144752560085,0.3819709702062643,0.6111535523300229,0.0044070900994228,0.4201680672268907,17.235589028897103,0.0600847216120864,8.881984055804613,-8.399535172601931,-10.537642332593208,0.3097566381774867,0.4932407630433664,0.0607345236366426,0.0828992587168219,0.6644033500942532,262.44466324109067,2.9037961422515855e-06,1056.3380281690145,6e-08,0.0626502077647483,0.8948863683941449,7.528044632688517e-05,9.3177710795377e-07,0.8856445282755421
C5_P1_05,C5,P1,5,High,26.48,0.1135521803607758,0.0219130378670784,0.0565900680519388,0.0591373862270792,0.0605075623168874,0.0007405632622963,0.0006619538954193,0.0006581696751069,0.0014620804742692,0.8963420208001271,0.8271278998660215,0.6730513234529305,0.9322826342756736,0.0021444914120654,3.82e-06,5.775290895380924e-07,9.029118656386988e-07,1.0882012771966388e-05,6.36338132460674e-10,2.739325412733234,0.0023030279038074,0.0054680649835101,0.3819709702062643,0.6111535523300229,0.0044214472340806,0.5729564553093965,15.172244349827247,0.0601508428529794,8.999614360167158,-9.328403924768804,-12.87604380213759,0.3170773944820624,0.5095676094755831,0.0565900680519388,0.0832297274206037,0.66722277581827,294.7201351649665,4.048024543497552e-06,1851.851851851852,6e-08,0.0605075623168874,0.9161663333859456,6.651418367865336e-05,1.0033948748025724e-06,0.8841702790065499
C5_P1_09,C5,P1,9,High,26.48,0.1137141977189736,0.0311199904728027,0.0605984186167199,0.0586169351088461,0.0646916449549366,0.0008008758150655,0.0006598911180694,0.0005195726174137,0.0015276578705145,0.8514107827540254,0.8496753208584221,0.5980163161577231,0.934364895652202,0.0021443612253991,3.94e-06,6.222237894060222e-07,1.087923669834015e-06,1.1012807646219984e-05,7.06966249355969e-10,2.62194345163475,0.0023185073028078,0.0054643922281325,0.3819709702062643,0.6111535523300229,0.0044287927448357,0.5729564553093965,10.815057105916866,0.0624163702001132,8.95109591553643,-8.97612758495895,-17.239528185571316,0.3121813501058062,0.5076090577671127,0.0605984186167199,0.0857813168484495,0.6667548299289873,276.9396861181512,3.399633278174893e-06,5172.4137931034475,6e-08,0.0646916449549366,0.9039744207310012,6.290091679970278e-05,1.100629995692248e-06,0.8827205189687615
C5_P1_10,C5,P1,10,High,26.48,0.1144248926076469,0.0312336346558829,0.0615311339213736,0.0582267689470681,0.0572134262646232,0.0007044198192242,0.000836676504205,0.0007337458281996,0.0016129859396598,0.7812533546301066,0.9170836446288492,0.7730881434863873,0.971140767219001,0.0021070280926165,3.82e-06,6.237543496204747e-07,8.326098585455615e-07,1.0952262355883664e-05,7.191322320028307e-10,2.5111449065804776,0.0022773443078514,0.0054754104942652,0.3819709702062643,0.6111535523300229,0.004396739606995,0.4201680672268907,10.560859674762051,0.0617847477884716,8.919112897889752,-8.831976426344948,-17.362072321815155,0.3165670774167068,0.4975737348113562,0.0615311339213736,0.0841829378818852,0.6684230112874608,272.85593975094633,4.328683027103636e-06,5263.157894736842,6e-08,0.0572134262646232,0.9050551762597452,6.331437892580422e-05,1.1019082217397463e-06,0.8903807714404952
C5_P2_01,C5,P2,1,High,26.48,0.1141155086337778,0.0396933834431646,0.0504195095625399,0.0479087144583579,0.0651658428696818,0.0008741768996631,0.0006787813467524,0.0006035219564375,0.0012984555731333,0.7772159477187439,0.5399838201725202,0.6828675341172343,0.8687882476711174,0.0021230025748283,3.78e-06,5.348371606455603e-07,2.465338706262007e-06,1.1088031710816516e-05,8.443443609054458e-10,2.6363770078791737,0.0022544199389329,0.0054887659683654,0.267379679144385,0.6111535523300229,0.0043696947719419,0.5729564553093965,15.157129813362744,0.0643038351070095,8.908073006021537,-8.957432005920559,-12.624418395902646,0.2945318144081576,0.5334831628304324,0.0504195095625399,0.094173960650367,0.682261956729033,275.0362574200022,3.440044690763204e-06,1807.2289156626507,6e-08,0.0651658428696818,0.8945599972314495,4.739217784961012e-05,9.373741681487192e-07,0.8777824203913597
C5_P2_05,C5,P2,5,High,26.48,0.1132477098981039,0.0371374742375574,0.0516326442356349,0.0471312261716645,0.0644645813267027,0.0009092365037126,0.0005848267080476,0.0006079588716416,0.0013017017314009,0.9112475624548818,0.5053355195702294,0.725211892798307,0.8929099196055865,0.0021355219158952,3.78e-06,4.991489062188748e-07,2.475380578432367e-06,1.1069206000129303e-05,8.369259138036373e-10,2.6228506791432453,0.0022908082261085,0.0054673972098051,0.267379679144385,0.6111535523300229,0.0043747030747296,0.5729564553093965,17.59390258095177,0.0667535121852732,8.94763607072128,-9.617776151767783,-10.334103865488633,0.3024369238489081,0.5359470509586493,0.0516326442356349,0.0980558420022271,0.6818331901672449,290.59365727274115,3.2003351099296223e-06,1027.3972602739727,6e-08,0.0644645813267027,0.8991283904522389,7.344585980904568e-05,8.456385856808863e-07,0.8803320522345103
C5_P2_10,C5,P2,10,High,26.48,0.1147532350133187,0.0482687532608943,0.0430612453302863,0.054658564925085,0.0637506169120871,0.0008710260281182,0.0007613585259274,0.0006657179415959,0.0012585546790907,0.7415940140356814,0.6839895285226364,0.7714283473876098,0.8331695939830224,0.0021290113702488,3.78e-06,5.341381743190395e-07,2.537578781032744e-06,1.1168829205327529e-05,8.758992801437793e-10,2.490213988721206,0.0022625301164333,0.0055688988129673,0.267379679144385,0.7639419404125286,0.0043957379464375,0.5729564553093965,17.395533837126504,0.0681260490001448,8.937671418958278,-8.934641318294208,-10.385673506957174,0.3114108456637648,0.5212990483386565,0.0430612453302863,0.0993440077896144,0.6915046960724202,267.334595687197,3.636130321375189e-06,1027.3972602739727,6e-08,0.0637506169120871,0.8761376547121198,9.276102045819756e-05,9.340730754765912e-07,0.8770261306716602
C5_P3_01,C5,P3,1,High,26.48,0.1140864499981706,0.0234771485016844,0.0534797049873326,0.0487154443186362,0.0472878324759262,0.000818060520583,0.0009799275008194,0.0013247050779908,0.0012976587925881,0.972610461967492,0.8862034097920254,0.9081642603419108,0.7808117445743388,0.0020552339486426,4.34e-06,5.557331121125553e-07,9.951615230517229e-07,1.0230753648072011e-05,6.592495868168871e-10,3.1306188081302846,0.0022885587841103,0.0055532061308994,0.267379679144385,0.6875477463712757,0.0044828824149419,0.4965622612681436,15.817766187898442,0.0529442170916989,8.990505881317652,-9.135242123970254,-12.44379545045292,0.3019041304018473,0.4936364643151945,0.0534797049873326,0.0706388515340526,0.6931395807761914,304.6729368313609,1.2186592818828108e-05,1587.3015873015872,6e-08,0.0472878324759262,0.9209567621772484,5.286275045388743e-05,9.675238143945147e-07,0.9285507495284772
C5_P3_05,C5,P3,5,High,26.48,0.1135299931175807,0.0302894223158447,0.0547063834869351,0.0439595022837977,0.0499520900799997,0.0008477780395659,0.0010514566721005,0.0012830840698516,0.0013561982699168,0.8995666604823693,0.7600595155226205,0.9633603842636768,0.8489991860380092,0.002037648685049,4.42e-06,6.083074190010889e-07,9.702685496277514e-07,1.015527688250702e-05,6.722331204670592e-10,2.824239434415035,0.0022796864248017,0.0055021214424659,0.2291825821237585,0.6875477463712757,0.0044077578731278,0.4965622612681436,15.944641532936242,0.0571799422560821,8.965246382014136,-9.39730094898371,-12.315339505188769,0.2922321326423793,0.5018996111023186,0.0547063834869351,0.0693123554385709,0.688357643063534,297.89992477157597,1.10165064990341e-05,1554.4041450777202,6e-08,0.0499520900799997,0.9119362353770604,6.174798423821467e-05,9.482047534089504e-07,0.9230006421486828
C5_P3_10,C5,P3,10,High,26.48,0.1148230152122883,0.0312850672004921,0.0503689672227526,0.0427625509290275,0.0494873679718984,0.0008129843782983,0.000949943124724,0.0012618850298593,0.0014648825423607,0.7807466557475355,0.7772366221025415,0.9436704684248584,0.845001153256036,0.0020878892505978,4.42e-06,6.680344922905306e-07,9.408681609413996e-07,1.035605164360532e-05,6.280910651042427e-10,2.888561311036019,0.0022752478453358,0.0055628888496221,0.267379679144385,0.6875477463712757,0.0044341349344758,0.4965622612681436,10.530685713146958,0.0564430111347322,8.909106001530905,-9.562390555127111,-17.627342912499284,0.2918167034485632,0.4982721134072302,0.0503689672227526,0.0715950871235891,0.690063477837876,297.125928342703,1.0828218778802898e-05,5263.157894736842,6e-08,0.0494873679718984,0.9102637572785948,5.082742371843823e-05,9.639439975619628e-07,0.9211938190205448
C5_P4_10,C5,P4,10,High,26.48,0.1153710748390161,0.036225262303737,0.0528074423807601,0.0503416871006944,0.059202152647312,0.0008659552266021,0.000946121775904,0.0005856159189864,0.0014236443890018,0.7229619732467076,0.6432083556824962,0.7228282973658257,0.8494310776196711,0.0021200310909526,3.9e-06,6.621938804578133e-07,1.2681401359153082e-06,1.19504441593867e-05,9.107584969866764e-10,2.53349433117048,0.0022970541778507,0.0055298340512239,0.267379679144385,0.7639419404125286,0.0044611797695289,0.5729564553093965,10.739442821484118,0.0666929688860011,8.824191959601283,-8.248363009518673,-16.87953794489503,0.3009841807085158,0.5281127334610479,0.0528074423807601,0.0953890996720813,0.7068005066276819,258.8451910102207,2.9690223030954005e-06,5172.4137931034475,6e-08,0.059202152647312,0.8963217366144152,5.846393418053333e-05,8.062752155721312e-07,0.879074582818565
C5_P4_01,C5,P4,1,High,26.48,0.1145359936344348,0.0439860328501184,0.0527362623232092,0.0558430571003884,0.057636362029241,0.0008439144147319,0.0008640439970172,0.0007166686535536,0.0013973913960217,0.9108480856540396,0.6422343563541458,0.7992319390725992,0.7852057359669298,0.0021070861758087,3.9e-06,6.241636484752517e-07,2.704221862858131e-06,1.1528895196811363e-05,8.792045703449304e-10,2.4449241148841363,0.0023244877770886,0.005512138048041,0.267379679144385,0.7639419404125286,0.0044812129806793,0.5729564553093965,15.523712327005695,0.0641666526134806,8.862276305282604,-7.976842775126246,-12.35435256320915,0.2994538677979603,0.5239139732580487,0.0527362623232092,0.0979485503819106,0.7024496561936743,247.8424092678563,4.27540475381421e-06,1775.1479289940828,6e-08,0.057636362029241,0.8802333473388355,6.203888166003866e-05,8.146939993346288e-07,0.8736508388919323
C5_P4_05,C5,P4,5,High,26.48,0.1152210918167029,0.0399732718337534,0.0535333565238458,0.0538328199589231,0.0575115301516197,0.0008626342391696,0.0009455870396759,0.0006757764819838,0.0013436109872443,0.9502928053124272,0.7219274130304123,0.7666557708341682,0.7766756473229876,0.0021266253420437,3.9e-06,4.340813652866769e-07,1.0449600771065865e-06,1.1969685633654686e-05,8.955839042824303e-10,2.514466412693598,0.0023311080861797,0.0055138074823036,0.3055767761650114,0.7639419404125286,0.004463850864349,0.5729564553093965,10.89426604062032,0.0637175634033587,8.867514066929859,-8.244552866484812,-16.845551197682987,0.297911279088362,0.5215144027417565,0.0535333565238458,0.0957074871809715,0.7066793412176159,255.33796250357045,3.8262475000020784e-06,5172.4137931034475,6e-08,0.0575115301516197,0.8886583925197065,4.041889886206087e-05,8.245056327340163e-07,0.8703838098981591
C5_P5_01,C5,P5,1,High,26.48,0.1162726206635701,0.0308529613551754,0.049074001632417,0.0477453546531923,0.0558122808873331,0.0008758440700464,0.0009639667341386,0.0006797897016693,0.0013648794323732,0.743885122299377,0.6758658225788349,0.620961405897088,0.919872284156562,0.0021287736340324,3.94e-06,8.814010673461039e-07,5.1382925926663056e-06,1.188803995666267e-05,9.825679801330015e-10,2.7504257767534233,0.002220657595492,0.0055445250727341,0.2291825821237585,0.7639419404125286,0.004351330995054,0.5347593582887701,11.886218623687114,0.0696533186914747,8.843632424346278,-8.855693800605383,-15.461707272393769,0.2797118222562527,0.5259417581061013,0.049074001632417,0.0976091930310465,0.7158801946455392,270.41386130023216,5.092037622553952e-06,3614.4578313253014,6e-08,0.0558122808873331,0.8998327266909981,7.43612109450379e-05,8.615107177851423e-07,0.8882754272022764
C5_P5_05,C5,P5,5,High,26.48,0.1153096380966648,0.0279699828107781,0.0409114000597241,0.0467581538051824,0.0521852211667425,0.0007808224767981,0.0009898164041386,0.0006371844780573,0.0012600918450889,0.6948363158396537,0.6919069156899614,0.7001412177540458,0.9075356638313672,0.0021024712449656,3.94e-06,1.0038803738482502e-06,2.7913238222532265e-06,1.1118962329737684e-05,8.926331644635683e-10,2.8930248907795573,0.0022785145911764,0.0055598838679495,0.267379679144385,0.7257448433919022,0.0044114306285053,0.5347593582887701,15.328418016261198,0.0720456331719806,9.00816600623011,-9.184318051924969,-12.533372141848016,0.2737575049449544,0.5248660955286901,0.0409114000597241,0.0979399990256022,0.7115926579356378,287.9094343664338,3.6614101971628385e-06,1754.3859649122808,6e-08,0.0521852211667425,0.908107884729271,6.688336082914692e-05,8.640883846780174e-07,0.8928287034687276
C5_P5_10,C5,P5,10,High,26.48,0.1140821789817177,0.0261676627318869,0.0509679155891362,0.0490872961419136,0.0568994934733614,0.0007892379252714,0.0009434946002231,0.0006994554181223,0.0013173788025481,0.635083273210241,0.611658815929361,0.7680058390917931,0.9048245327656492,0.0020923637647782,3.94e-06,1.2177492979538732e-06,5.013172004869723e-07,1.1187289235653364e-05,9.064852522454587e-10,2.8232711637384797,0.0023034344275845,0.0054907692894806,0.2291825821237585,0.7639419404125286,0.0044187761392605,0.5347593582887701,15.51912045168512,0.072007042834077,8.919964198753615,-9.272238072560093,-12.410544421276962,0.2754129313523826,0.5232914442984621,0.0509679155891362,0.0984350072317515,0.7063587762468704,287.93412867337935,4.099138144320582e-06,1734.1040462427748,6e-08,0.0568994934733614,0.9088805598765508,7.486178368931663e-05,8.561392147975822e-07,0.897251381072115
C9_P1_05,C9,P1,5,High,39.72,0.1317352903158232,0.0410986399606096,0.0639592778672075,0.0501176938944442,0.0537214808882879,0.0019042960190294,0.0018738653161846,0.001422103420096,0.0011328411721855,0.7649318669831104,0.7993135317870047,0.90669132799346,0.9680657633645684,0.0017159420038486,7.6e-07,6.783321162006567e-07,8.511121995184806e-07,1.7492176347249962e-05,1.5046095488805435e-09,6.036113314219855,0.0019443345453204,0.0063131326072057,0.3819709702062643,0.6493506493506493,0.0048434802156496,0.4965622612681436,15.530649523796937,0.0636266278759333,9.545218126355683,-0.5259651661129546,-8.98572831989123,0.305210512577943,0.4878958317206103,0.0639592778672075,0.0879214824168952,0.6750403680660948,169.28099613138016,1.4388185895353185e-05,934.5794392523364,8e-08,0.0537214808882879,0.8810118342118239,0.0001536546898577,7.126939383091393e-07,0.8904437790271996
C9_P1_10,C9,P1,10,High,39.72,0.131116172015227,0.0422711869080123,0.0641248368564606,0.0482267456443093,0.0546295898467866,0.0018481959903763,0.0017981519884252,0.0012934456807566,0.0009968691599567,0.7486636028356388,0.751875054634887,0.9337328536156912,0.9284972883999778,0.0017546496887747,9.6e-07,4.766850956756123e-07,6.431958192908025e-07,1.6848415164653654e-05,1.449292958312012e-09,6.161589039982345,0.0019740502195831,0.0062904283012352,0.3819709702062643,0.6493506493506493,0.0048254503256142,0.4965622612681436,15.744468639825936,0.0706926152375281,9.62898101775479,-0.9380140328248682,-9.06650120810581,0.3067224328598431,0.4889923549683391,0.0641248368564606,0.0878112295936246,0.677978125080633,173.33859853965484,1.1717753783898132e-05,925.925925925926,8e-08,0.0546295898467866,0.8814051210536387,0.0001343137582531,6.954970372665974e-07,0.8902902713722494
C9_P2_05,C9,P2,5,High,39.72,0.1279472895658177,0.0333871383520934,0.0609745881919861,0.0576284651691388,0.0459946090649865,0.0018104521994179,0.0017574532308313,0.0012565976068876,0.0011972815065327,0.8415967140145272,0.7841670847691851,0.8427597586326748,0.9914468498033132,0.0017169311079459,5.6e-07,5.144314506177843e-07,1.3133172046932951e-06,1.5052748855547128e-05,1.1721757432205723e-09,5.85124071253827,0.0020181819136942,0.0062557040685745,0.3819709702062643,0.6875477463712757,0.0048842144116555,0.4201680672268907,20.53905428364891,0.06576283655463,9.554647726635547,-0.5570970584842156,-4.9533902208152805,0.3020185675664443,0.4931974909801968,0.0609745881919861,0.0865444596201663,0.688408128874612,199.55598056278387,1.1552291824092684e-05,302.7245206861756,8e-08,0.0459946090649865,0.8988965805165235,6.432063781142941e-05,1.5877859039591338e-07,0.896748611603508
C9_P2_10,C9,P2,10,High,39.72,0.1291610836447854,0.0343586035413301,0.0626954827306435,0.0574757957355726,0.0467434537599088,0.001712687389795,0.0017541446700895,0.0013929583000336,0.0011920288525513,0.78951235540415,0.7864227211666596,0.865618945073787,0.9456081228647012,0.0017360494211575,5.6e-07,5.175220748002337e-07,1.0089069660152608e-06,1.5205115449595168e-05,1.1560627392379547e-09,6.183832433879227,0.0020905180058567,0.006301446567368,0.3819709702062643,0.6493506493506493,0.0049019104148384,0.4201680672268907,21.14355825461636,0.0661178743334529,9.619988693604997,-1.32697274129382,-4.611019241351248,0.3035165384329955,0.4927611789916796,0.0626954827306435,0.0874550424528111,0.6896534046200048,204.47625681727368,1.3946368241362392e-05,276.7527675276753,8e-08,0.0467434537599088,0.900194182772133,5.16044287300693e-05,1.5635318361640687e-07,0.8845092114811636
C9_P3_05,C9,P3,5,High,39.72,0.1307905137624031,0.0307437946228451,0.0610405147019361,0.0538560338335953,0.0463213211368669,0.0012754156730023,0.0015534602447206,0.0010550149403461,0.0009616328080241,0.7811644439479891,0.927004137748898,0.8493506231429072,0.9657694641337888,0.0017565817827527,8e-07,7.503721129015762e-07,8.45608342075964e-07,1.6135199381415438e-05,1.269349314032814e-09,2.46245927253352,0.0020529012937988,0.0063665545036068,0.3819709702062643,0.6493506493506493,0.0049560000849445,0.5347593582887701,19.757878033228607,0.068918047237178,9.62993862840979,-0.8497868486628394,-5.5811364375382135,0.3131868808949721,0.4985593287423006,0.0610405147019361,0.0860603813986409,0.6812775941572222,205.31096006774752,8.118624091357895e-06,364.5200486026731,8e-08,0.0463213211368669,0.9056445612615374,0.0001154322982856,5.283438094082868e-07,0.8970895599278054
C9_P3_10,C9,P3,10,High,39.72,0.1288135096002512,0.036346408855304,0.0589294935115988,0.0536692865055655,0.0480707439759048,0.0013978709219191,0.001540072327671,0.0010657030382801,0.0008819616408103,0.8296691867385659,0.8677239102288771,0.9162536850766492,0.9804299558570864,0.0017216392854681,8e-07,1.724744181956341e-07,6.881596384952931e-07,1.5500957008207687e-05,1.204839289259261e-09,2.514577932470848,0.0020386516649929,0.0062904283012353,0.3819709702062643,0.6493506493506493,0.0049289552498915,0.5347593582887701,15.87642365023451,0.0670504307130016,9.582063602502588,-0.7182993001164298,-9.576248222169388,0.3125721229771099,0.5023338854182385,0.0589294935115988,0.0855858343551705,0.6838123675645575,197.4462090041716,7.857404345676097e-06,961.5384615384615,8e-08,0.0480707439759048,0.8982832405916381,9.462506636985304e-05,4.932177349985574e-07,0.8975060927400464
C9_P4_05,C9,P4,5,High,39.72,0.1317310476095592,0.0500670666144919,0.0519281119218488,0.060713967692613,0.0521694760465875,0.0014266453611716,0.0018655513075995,0.0008061253600723,0.0007611006645928,0.9003588980465412,0.8593408662723752,0.8087836781479723,0.9568432574247038,0.001712312150035,7.8e-07,7.164894535960183e-07,6.635768202309312e-07,1.715272560277916e-05,1.320114318587818e-09,2.2410448452776515,0.001968501268651,0.0062660545610022,0.3055767761650114,0.6875477463712757,0.0047870533375759,0.4201680672268907,14.980450607926072,0.0617609615519132,9.532534580540933,-1.057492154333456,-9.728328436616533,0.3104484256462897,0.4917431288700665,0.0519281119218488,0.0865205604153283,0.6869170864696901,157.06227618964098,5.394312080771008e-06,1045.2961672473868,8e-08,0.0521694760465875,0.8684372232346742,9.013759216040144e-05,1.1358459240795503e-06,0.9053449603087644
C9_P4_10,C9,P4,10,High,39.72,0.1313640327836896,0.0536737405333885,0.0506743910303862,0.0606691820729151,0.0487305246049667,0.0015865751190071,0.0018571195641898,0.0008292941060672,0.0007063845419628,0.8927050148627124,0.8637281892962136,0.8206995645514803,0.9620644980243304,0.0016962943419577,7.8e-07,7.187699296883977e-07,8.359756483839702e-07,1.7321292417684687e-05,1.319426155645617e-09,2.141812826094114,0.0020440399804988,0.0063027821147781,0.3055767761650114,0.6875477463712757,0.0049139303415287,0.4201680672268907,20.01468609872294,0.0651268479492134,9.473350800255556,-0.8091413625485854,-4.978695154692384,0.3071809232388213,0.4937934967384784,0.0506743910303862,0.0866912446502215,0.6799258518412797,155.07694557875027,5.2528462243484125e-06,312.82586027111574,8e-08,0.0487305246049667,0.8620868106847046,0.0001265945846545,5.384819848458107e-07,0.9058723451008156
C9_P5_05,C9,P5,5,High,39.72,0.1305185884192874,0.0347654440690692,0.0509697800570969,0.0606369093742862,0.0479078106641644,0.002273438362472,0.0022486046977875,0.0015916106746543,0.001264082442114,0.8734099687270324,0.871689816065938,0.8972542082018157,0.95122113518034,0.0017599353658058,5.6e-07,5.150974961546499e-07,1.0197768925113743e-06,1.621774169440306e-05,1.207292870418758e-09,3.845984777019865,0.0019713852416891,0.0062670562215598,0.3055767761650114,0.6875477463712757,0.0048037476802013,0.4201680672268907,20.408843550310372,0.0622277825010698,9.665054385304815,-0.6583728116330465,-4.556079145158114,0.3077241514014737,0.4980861555151423,0.0509697800570969,0.0885571830602128,0.6899499192062921,183.27944255511815,1.7838505759605712e-05,273.47310847766636,8e-08,0.0479078106641644,0.8936874217476182,0.0001137703673097,1.8655597886234605e-07,0.8901084629147212
C9_P5_10,C9,P5,10,High,39.72,0.1313602816543112,0.0286652154770977,0.0501412208200936,0.0609516232554357,0.0464980314558328,0.0024229915433232,0.0023126236852397,0.0016390500921443,0.0012381831409334,0.8492732133257325,0.8698394202664576,0.8573746117010331,0.9567789379173214,0.0017539353128243,5.6e-07,5.160623329436741e-07,8.557744793213688e-07,1.6841534024708223e-05,1.312003596834407e-09,4.009921438510295,0.0020234179024971,0.0063431824239314,0.3055767761650114,0.6875477463712757,0.0049039137359534,0.4201680672268907,15.531436978433128,0.0641589379431771,9.642181507560249,-0.6555305881107614,-9.495854780017137,0.3158158886436677,0.4974064396968631,0.0501412208200936,0.0905225490540515,0.689369019915593,189.21380492298405,1.9441449487694673e-05,1016.9491525423728,8e-08,0.0464980314558328,0.8962825121784098,0.0001498823104899,1.8292089060547498e-07,0.8905575871798947
C10_P1_05,C10,P1,5,High,20.1,0.1296601865944014,0.0260334790869239,0.0590673036720178,0.0561135476593454,0.0507809798043079,0.0015443906666086,0.0019235242842532,0.0010053440958639,0.0009714961129462,0.811927347817935,0.935964843886204,0.962873058153562,0.9722186043390108,0.0017496773030922,8.5e-06,3.4576491200758434e-06,1.0012513748589516e-06,1.54738137794341e-05,1.221982627401439e-09,2.836165260451313,0.0020845171218599,0.0062640512398872,0.2291825821237585,0.6875477463712757,0.0048979037726083,0.5729564553093965,20.28884185564834,0.0663231928582611,9.715633537418205,-1.3623984000886284,-5.3646902836873505,0.3069648873319085,0.4992236402978307,0.0590673036720178,0.0869236145123464,0.6881526588592906,197.2260855653936,6.803809749364342e-06,337.0786516853933,8e-08,0.0507809798043079,0.9050895491176636,0.0001247331032635,1.7013294814079597e-06,0.8920165902137558
C10_P1_10,C10,P1,10,High,20.1,0.1298458754556571,0.0249313425496424,0.0585830852607393,0.0569350474943329,0.0493731608552734,0.0015763515823398,0.0017911406837698,0.0011428476724125,0.0008576691094717,0.8364770356335791,0.933520814813008,0.9333134958790542,0.9884839346079708,0.0017429781014216,8.5e-06,1.7546577585187524e-06,4.0704889082942646e-06,1.5151723578077088e-05,1.1588049956315844e-09,2.8741598114543896,0.0021138257031071,0.0062657206741496,0.3437738731856378,0.6875477463712757,0.0049132625678236,0.5729564553093965,18.870275853913164,0.066826733502771,9.79413199072741,-1.4752943137650234,-6.995883713403778,0.3097298030163306,0.498830860609096,0.0585830852607393,0.0836702811944114,0.6872341187126788,201.57472954232125,8.967928259074796e-06,485.4368932038834,8e-08,0.0493731608552734,0.9081518504459594,0.0001129596549847,1.7054737287317723e-06,0.8964018612513214
C10_P2_05,C10,P2,5,High,20.1,0.13067779024647,0.0207994884742427,0.0526778406265202,0.0541029327684353,0.0553302774851007,0.001589997591375,0.0018868032883937,0.0011470129309374,0.0010649117917168,0.6928427464422937,0.8429793367312088,0.9269341050350688,0.9405664675854664,0.0018222854595263,5.6e-07,5.151466888934719e-07,8.889828360393149e-07,1.494969191512958e-05,1.042257753451799e-09,6.668405083769278,0.0020595858118778,0.0063809116382648,0.3437738731856378,0.6111535523300229,0.004928621363039,0.4583651642475171,21.295437045647596,0.0620636445848095,9.863762643467012,-1.3224702503057326,-4.40323481996405,0.3245449906159974,0.4960257212948459,0.0526778406265202,0.0902543472479072,0.6807391844227761,220.95846665037664,9.072352302716922e-06,252.10084033613447,8e-08,0.0553302774851007,0.915744958541296,9.113776844061384e-05,1.374372455294898e-07,0.88947316176624
C10_P2_10,C10,P2,10,High,20.1,0.1290977664200191,0.0215951405025172,0.0550559175528558,0.0536259583360305,0.0542124385254459,0.0015393945848831,0.0017439617009756,0.0012247187670625,0.0010185728506085,0.648635306272349,0.7984053774877737,0.9175649384057418,0.9930370103081464,0.0017416092349392,1.08e-06,1.0275632290137849e-06,5.91409810484715e-07,1.4148223214334253e-05,1.0930817627429672e-09,6.235792518411526,0.0020526289493799,0.0063391757817013,0.3437738731856378,0.6111535523300229,0.0049356329869416,0.5729564553093965,19.382460771105848,0.063982481345907,9.894322441396312,-0.9510078097589528,-6.526125658686221,0.3211431392226925,0.5036556741762952,0.0550559175528558,0.0842962106132409,0.6796283973694817,218.09623151883375,1.0404382224482958e-05,409.8360655737705,8e-08,0.0542124385254459,0.9128040491996712,0.000116972570376,5.438303048861382e-07,0.8940551376860327
C10_P3_05,C10,P3,5,High,20.1,0.1297459726398926,0.0212117492013345,0.0527425297437906,0.053879587840022,0.0551650745965004,0.001167572853668,0.0013098692185664,0.0006821312417523,0.0007333053679058,0.5868769315199266,0.8529763633499293,0.9703912017154408,0.8432637189225893,0.0017518149068913,6.8e-07,6.472531622825015e-07,7.53053500170299e-07,1.549383356173917e-05,1.1204184877284066e-09,2.2409398693199214,0.0020552999550863,0.0062840844510376,0.3437738731856378,0.6111535523300229,0.0048888888275906,0.4583651642475171,16.282034293222136,0.0630227220534663,9.723345160636672,-1.1631478134373607,-9.243277563593749,0.3264631605869321,0.4903598506550328,0.0527425297437906,0.0845466150052736,0.6834683353522427,194.11725045660572,3.1058146217892462e-06,824.1758241758242,8e-08,0.0551650745965004,0.902097031140854,0.0001069144661729,1.1361161038768177e-06,0.9156752402653638
C10_P3_10,C10,P3,10,High,20.1,0.1304808629868415,0.0201273266456793,0.0502300167040821,0.0549780986762999,0.0509563085063357,0.0012171672286567,0.0014552956777296,0.0006118310634515,0.0008024573465694,0.5667179688305343,0.8021396727838158,0.9089350238470212,0.9480392636333538,0.001736164296144,5e-07,5e-07,9.41479167543262e-07,1.525167232177716e-05,1.0863198274517375e-09,2.209509652670646,0.0020683779495915,0.006297439925138,0.3437738731856378,0.7257448433919022,0.0049426446108443,0.4583651642475171,15.762126474837403,0.0673482118299211,9.800871775205149,-0.8865275943263928,-9.886693315307824,0.327981963733947,0.4882793886040278,0.0502300167040821,0.0860258378205268,0.6803765860112907,193.94566222726272,2.615107745946075e-06,943.3962264150944,8e-08,0.0509563085063357,0.9047119608018516,0.0001000981672553,1.1366893799490773e-06,0.9037463430459016
C10_P4_05,C10,P4,5,High,20.1,0.1303435260114948,0.0236152387292663,0.0537770785802398,0.0558638008216073,0.0485722637212161,0.0019430694369203,0.0022353655346081,0.0014448356002531,0.0012992607156932,0.8685299700234972,0.8912956170222993,0.9367214803822532,0.9585193141716486,0.0017326664855344,5.6e-07,5.15550208984994e-07,9.321158691670588e-07,1.601301553147313e-05,1.306377210219828e-09,5.22876280887084,0.0020512382920309,0.006207290474961,0.3437738731856378,0.6875477463712757,0.0048645150873576,0.4583651642475171,18.801421608172564,0.0666128241722575,9.630141142548576,-0.5620399813799748,-6.563565912919046,0.3028001949911266,0.496899076120735,0.0537770785802398,0.088890665449882,0.6905377335074327,186.47187609241533,1.4216648010393431e-05,460.1226993865031,8e-08,0.0485722637212161,0.9032040632987312,0.000155957497549,1.8533592526381188e-07,0.8866940174290965
C10_P4_10,C10,P4,10,High,20.1,0.1304444667535794,0.0219969158263425,0.0525416140420231,0.0579637392514602,0.0491873421772094,0.0020183196654658,0.0020640265110558,0.0013746460596036,0.0012010662137555,0.9045818394489678,0.8784432154485001,0.939386967440743,0.943272611072926,0.0017589719791974,5.6e-07,1.1255359599662469e-07,1.1962718988574665e-06,1.53871287771593e-05,1.2174432610282446e-09,5.591006069641334,0.0020303491264241,0.0063047854358931,0.3437738731856378,0.6875477463712757,0.0048882210538856,0.4583651642475171,16.627784243591524,0.0630851375126701,9.72520232199037,-0.7306985494270996,-8.821450796338233,0.3022959609101507,0.4973982725249178,0.0525416140420231,0.0868822800050738,0.6824426394690593,203.23059474116872,1.289960515940141e-05,793.6507936507936,8e-08,0.0491873421772094,0.9093671435474768,0.000151371601583,1.8621636187532445e-07,0.8867710696814006
C10_P5_05,C10,P5,5,High,20.1,0.1303097796942897,0.0253238282465404,0.0540721826891287,0.0489056430187039,0.0556163101356604,0.0017677484433877,0.0016763232438069,0.0008788945412249,0.0007233345717211,0.7166571699301914,0.7816860627661868,0.7185573144968967,0.8945654781274495,0.0017235500395643,7.8e-07,7.048157489206158e-07,7.452640404379054e-07,1.6496660598913468e-05,1.2536444791512632e-09,2.4733669840638157,0.0020312284577074,0.0062690595426749,0.3437738731856378,0.6111535523300229,0.0048868855064756,0.4965622612681436,18.81210973113483,0.0651332679326935,9.63854075611158,-0.8512492933931417,-6.338501789187703,0.3223680597339251,0.493636985420373,0.0540721826891287,0.0864831970036848,0.6675564011627917,186.01292820435415,6.055568021735238e-06,434.7826086956522,8e-08,0.0556163101356604,0.9003839412702337,8.406629145527343e-05,5.618727078710466e-07,0.9082162774518217
C10_P5_10,C10,P5,10,High,20.1,0.1295616374270458,0.0287547828273209,0.0530436107418084,0.0487272929145678,0.0581896786838344,0.0016859160836147,0.0015975883335937,0.0009639134532705,0.0006661182200069,0.7397720385162152,0.7861103829544949,0.7541561848812866,0.9689151859728948,0.0017228818201226,7.8e-07,7.05342688561657e-07,5.569642943273759e-07,1.5839355672588355e-05,1.2145633985069043e-09,2.504645677197481,0.0020328452587805,0.0062713967506424,0.3437738731856378,0.6111535523300229,0.0048728622586703,0.4583651642475171,16.23118459207656,0.0671566505328759,9.646509711616654,-1.0994772797790084,-9.10292318704712,0.3218556111863642,0.4928899912602197,0.0530436107418084,0.0844060491107946,0.6744152557842609,191.56647734483624,7.445573967977736e-06,862.0689655172414,8e-08,0.0581896786838344,0.9005599677215581,9.145322637833756e-05,5.655583851853555e-07,0.902925260727784
C10_P6_05,C10,P6,5,High,20.1,0.1298983123485594,0.0234440991971791,0.0555176236841253,0.053599545540744,0.0559669387256944,0.0017159293896199,0.0017676427648132,0.0008789360736998,0.0009212279957835,0.6689411640151274,0.8595879441944348,0.7671353152834435,0.97597873158908,0.0017873857467226,9.6e-07,9.179172418261684e-07,1.1907031965376436e-06,1.4524397492635197e-05,1.0526542335446099e-09,2.9289933275498385,0.0020416175338329,0.0062857538853001,0.3437738731856378,0.6111535523300229,0.00485817123716,0.4965622612681436,14.61837804797633,0.0652930444742991,9.880429597294246,-1.2437009420908764,-11.129524896449643,0.3175479441947881,0.497836200103507,0.0555176236841253,0.0846111754045849,0.6736195966413683,212.5637553535353,6.0398004129003075e-06,1271.1864406779662,8e-08,0.0559669387256944,0.9146181789814606,7.335680257884676e-05,5.479139471576404e-07,0.892054816923061
C10_P6_10,C10,P6,10,High,20.1,0.1271120688618077,0.0237537402400418,0.0543065603051917,0.0525772733440186,0.055049400521021,0.0017485605525694,0.0017494901289028,0.000937141263347,0.0007979575693756,0.6673018052748608,0.8806773035860852,0.8457076374069564,0.9828797269721956,0.0017500586775272,8.34e-06,1.071447127620765e-06,2.5516605289026496e-06,1.4583955659141686e-05,1.1054913194054027e-09,2.8826894436173416,0.001970355109243,0.0062416808207693,0.3437738731856378,0.6111535523300229,0.0048314602889594,0.4965622612681436,16.199409098626234,0.065243716617291,9.687482244182174,-0.7033797175959404,-9.222124102183397,0.3223333633551191,0.4989223497159686,0.0543065603051917,0.0858795822950518,0.6763051369039867,210.1390556820454,6.442498379674803e-06,835.6545961002786,8e-08,0.055049400521021,0.9092953637668636,0.0001258372606184,1.952970770109275e-06,0.898282273687039
C12_P1_05,C12,P1,5,High,23.29,0.1305660384813579,0.0253658826059026,0.0528056836440873,0.0539718554902875,0.0539896657631273,0.0016878269293083,0.0017612764563217,0.0011133804732941,0.0012156749203132,0.5408283064551166,0.8883761797406267,0.9348734363557448,0.9936487484085772,0.0017564783878261,1.08e-06,1.0600777258900247e-06,9.104897947595952e-07,1.4636448222023098e-05,1.1073601371512075e-09,7.1546661027192116,0.0020486316500188,0.0062633834661822,0.3437738731856378,0.6111535523300229,0.004931960231564,0.4583651642475171,16.4868402294148,0.0641122390584632,9.892612346214168,-0.4214526422383586,-9.257476788893896,0.3151992849246408,0.4938769265407869,0.0528056836440873,0.0899735363085887,0.6810776699729154,203.0876803088989,8.494404286850476e-06,824.1758241758242,8e-08,0.0539896657631273,0.9129891118214536,0.0002132138443276,5.386421496248325e-07,0.8944688191248157
C12_P1_10,C12,P1,10,High,23.29,0.1312415790824705,0.0255143386287047,0.0496929836835959,0.055577692119839,0.0541636853248839,0.0017223619813395,0.0016553870446276,0.001122965974853,0.0010213658479092,0.5263003437870628,0.8735096986235757,0.9779894477191166,0.9626780902615986,0.001802555048635,1.08e-06,5.313847973655021e-07,3.4059312766152757e-07,1.4823138834468468e-05,1.1724475625552915e-09,5.812575648518022,0.002055840532969,0.0062790761482501,0.3437738731856378,0.6111535523300229,0.0049159336626437,0.4583651642475171,19.203655704553647,0.066049235998581,9.914679657363124,-0.785972774079045,-6.516127485601048,0.3182068456627142,0.4919303902355867,0.0496929836835959,0.0889999238684123,0.6858618102557904,200.64343964115463,8.410780648526528e-06,422.5352112676056,8e-08,0.0541636853248839,0.9116953632732504,0.0001892934910113,5.511416244689795e-07,0.8865633049788965
C12_P2_05,C12,P2,5,High,23.29,0.1333501290783618,0.0378118672642509,0.0576631788962851,0.0553242130200083,0.0418231346519372,0.0020523373991327,0.0020356187267851,0.0010837794140358,0.0010331123883847,0.8526851054495725,0.9144308767164396,0.7404907246940128,0.9804704755711492,0.0017593090472957,7.06e-06,3.0874751057278744e-06,8.161302073391618e-06,1.6592047498152018e-05,1.373300004917695e-09,2.5693503752346016,0.0020798998932584,0.0062713967506424,0.3819709702062643,0.6875477463712757,0.0049166014363487,0.5347593582887701,15.809700580181952,0.0659520691411624,9.81881784290887,-0.9977409108967976,-9.521544714888725,0.3104835969099285,0.4967760461880391,0.0576631788962851,0.0862838419013828,0.6863924242760684,175.28121608998984,9.248871568255505e-06,986.842105263158,8e-08,0.0418231346519372,0.8965866300104226,0.0001579472548626,1.7814660340640747e-06,0.9009873032148288
C12_P2_10,C12,P2,10,High,23.29,0.1323360298239274,0.0379916653255344,0.0597519220656512,0.0551325223997925,0.0404026355327551,0.0020487408186007,0.0020361776754849,0.0011090770885965,0.0009090670671327,0.8669156121492395,0.9330513849198282,0.7415807044856993,0.9853639077630524,0.0017752782234634,7.14e-06,1.5787938887695878e-06,8.106818366032241e-06,1.699905276483502e-05,1.356821651338978e-09,2.5308893797427183,0.002081264232199,0.0062463552367043,0.3819709702062643,0.6875477463712757,0.0048882210538856,0.5347593582887701,18.777986934378287,0.0671468997945616,9.790506667252956,-1.268321004321435,-6.453706725208979,0.3088633727383882,0.4962950904048277,0.0597519220656512,0.087649801696695,0.687046870633453,173.89279346769354,9.643547545845552e-06,460.8294930875576,8e-08,0.0404026355327551,0.8928017728081217,0.0002022380053363,1.7264170329973864e-06,0.8923039072222368
C12_P3_05,C12,P3,5,High,23.29,0.1287303363877993,0.022395772192203,0.0532089949839856,0.0498026734606473,0.0503665398276175,0.0014070502593395,0.0014545332741817,0.0010175549656963,0.0007714724362792,0.5655301826266749,0.8185990478446746,0.8767124561278474,0.945431907971778,0.0017813385858775,1.08e-06,1.028678834488906e-06,7.072096793705126e-07,1.4416633653747112e-05,1.0013227921873727e-09,2.8576171098033,0.002136426307242,0.006322481439076,0.3819709702062643,0.6493506493506493,0.0049713588801599,0.4965622612681436,18.89665284835793,0.067192931690613,9.911901579588529,-1.5285592493206253,-7.277863333070235,0.3321901118578347,0.4910563671375082,0.0532089949839856,0.085337404042003,0.6725576365625566,229.53336954367333,7.628564348076081e-06,504.20168067226894,8e-08,0.0503665398276175,0.917939651120784,8.48589359595801e-05,5.438911766031417e-07,0.9092228954808668
C12_P3_10,C12,P3,10,High,23.29,0.1283891030709556,0.0209263241058027,0.0534186577323769,0.0512265215735109,0.0496603657189089,0.0014458297154938,0.0016335009796622,0.0011206391312334,0.0010340660932925,0.6859288229438267,0.8317792037840391,0.8593755553981455,0.9884835845128728,0.0017612760037177,1.08e-06,1.0278744212302792e-06,7.94187726303503e-07,1.4658391006172663e-05,1.024141324803427e-09,2.6905651243201736,0.0020787278624441,0.0062760711665775,0.3819709702062643,0.6493506493506493,0.0049496562347469,0.4965622612681436,21.099666481959673,0.0664192730646708,9.694350907284225,-0.680994499805616,-4.76481970633999,0.3244689814056846,0.4884685565053576,0.0534186577323769,0.085403359865026,0.6699339435196278,214.6056761996379,9.336996206067014e-06,279.3296089385475,8e-08,0.0496603657189089,0.914106048791779,9.359681427603938e-05,5.735554671221737e-07,0.9027590761862616
C12_P4_05,C12,P4,5,High,23.29,0.1321973896967967,0.0343092957593828,0.0569838226355332,0.0507786719356009,0.0564181996284873,0.0016053702631318,0.001744187131489,0.0008381996394413,0.00098950857827,0.9330862020273992,0.9469620461671256,0.7007381973318277,0.9425266783736284,0.0017538233347787,5e-07,5e-07,8.197651535261957e-07,1.7253560470865992e-05,1.2753891633897854e-09,2.08863286736817,0.0021112016437892,0.0062436841418843,0.3819709702062643,0.6111535523300229,0.0049369685343517,0.4965622612681436,20.90059363839845,0.0642840074957375,9.557169167055374,-1.080044321001591,-4.390609830969402,0.3131871564664719,0.4928571557266508,0.0569838226355332,0.0870869293352439,0.6640754785765753,167.87173734161706,6.205322058682627e-06,265.72187776793623,8e-08,0.0564181996284873,0.8930806669930662,0.0001081343849334,8.551766736472594e-07,0.9096990968691168
C12_P4_10,C12,P4,10,High,23.29,0.1327728627498808,0.0336201789679702,0.0580666215627292,0.0503319161657034,0.0528887662333868,0.0016625641336472,0.0016999752831627,0.0008205549072798,0.0008998859737558,0.9383867083629276,0.9320768222969688,0.6860923877998217,0.8566328656791723,0.0017358381228686,5e-07,5e-07,9.932407997705568e-07,1.7365604386385225e-05,1.3632787181782707e-09,2.1257354514886786,0.0020722505300436,0.0062894266406778,0.3819709702062643,0.6111535523300229,0.0049216097391363,0.4965622612681436,20.961180897562578,0.0615290652480061,9.62035936579927,-1.1261926156928583,-4.1401617263790165,0.3084345145856624,0.4916224194827525,0.0580666215627292,0.0883336297199797,0.6601776926355619,170.54056229558174,6.046335282068855e-06,251.0460251046025,8e-08,0.0528887662333868,0.8933871605689017,0.000120074520366,9.98825342448266e-07,0.9212570100005102
C12_P5_05,C12,P5,5,High,23.29,0.1287403225066159,0.022820004373356,0.0535365142326895,0.0481189138527981,0.0571174631378023,0.0015257589864511,0.001239677892084,0.0008732829528536,0.0006548723049047,0.8346691642805006,0.8340523333850334,0.8402955543352915,0.9558382223931708,0.0017575492073381,1.08e-06,1.026868476269828e-06,7.015752964995527e-07,1.4201921701737431e-05,1.103713878446466e-09,2.554901103276379,0.002119721999744,0.0062640512398872,0.267379679144385,0.6111535523300229,0.0049580034060596,0.4965622612681436,20.0700716162854,0.060774455832152,9.783478126833408,-1.0827588745207657,-6.101431853726491,0.3170244881559496,0.4989204085282631,0.0535365142326895,0.0859469755034259,0.6790715187436237,207.89803875389484,5.784928687945316e-06,370.3703703703704,8e-08,0.0571174631378023,0.9104583186233292,0.0001036041392367,5.819608842185828e-07,0.8956769333264238
C12_P5_10,C12,P5,10,High,23.29,0.1297456933153068,0.0195721580865154,0.0537440559486156,0.0480595523144576,0.0586440730970834,0.0014757702434494,0.0012354210851807,0.0009294943902202,0.0006729825703895,0.85096442952319,0.8272622143746198,0.8000076822947086,0.970428917798899,0.0017948624707323,1.08e-06,1.0320065620945908e-06,4.337702198312971e-07,1.4270824227257322e-05,1.0397549535040618e-09,2.5322372273533,0.0020912236100373,0.0062800778088074,0.267379679144385,0.6111535523300229,0.0048892227144431,0.4965622612681436,21.091212048001516,0.0674712769553427,9.859589859469388,-1.5134249769999606,-4.941703317015019,0.314380680490059,0.4992102840073224,0.0537440559486156,0.0886001190022795,0.6749202212472457,211.33423522755143,6.561313174225739e-06,273.224043715847,8e-08,0.0586440730970834,0.912544303944363,9.796433235572978e-05,5.898106138800866e-07,0.9034949957895008
C3_P1_05,C3,P1,5,Low,,0.1380344733377766,0.0398877294983994,0.0409949386125782,0.0535042052824869,0.0492147305415865,0.0011234780804954,0.0008994780256472,0.0014292435991644,0.0017738084553908,0.595364547536694,0.8020706327001146,0.9322798854450808,0.9531435946792688,0.0019896476336424,2.66e-06,4.681734450748152e-07,2.4435445995545695e-06,1.2948791470308584e-05,1.1739769976876344e-09,1.7269401874250323,0.0019921555194613,0.0054804187970529,0.3062787136294027,0.6891271056661562,0.0040785454365557,0.4211332312404287,11.210565474800283,0.0624555693537714,10.407872470122152,-5.060616719694467,-14.813038705132763,0.3050970503449173,0.4770914042690428,0.0409949386125782,0.0747923111837158,0.691433120216817,170.4131199749764,1.3992905698051812e-05,2654.8672566371683,6e-08,0.0492147305415865,0.9203161253592058,0.000141359800088,9.430757081461428e-07,0.8901297065088113
C3_P1_10,C3,P1,10,Low,,0.1389674100176638,0.0451333475829887,0.0444399876879108,0.0573395084190697,0.0491457480174508,0.0009044607204173,0.0008352447048618,0.0013843514185538,0.0018897362420084,0.6263518372221365,0.7336987015741769,0.9161168746587328,0.9473128204246234,0.0019856954567402,2.66e-06,5.364294781901818e-07,2.4576134777362314e-06,1.295348818421238e-05,1.1837070509442555e-09,1.7421813338152896,0.0019215216716842,0.0054757443811177,0.3062787136294027,0.6891271056661562,0.004024789653302,0.4211332312404287,9.440538583225184,0.0614650998902275,10.41763415700795,-4.924155073074345,-16.267931592686416,0.3042595266821266,0.4770172608031282,0.0444399876879108,0.0734140639160521,0.6908145235838345,160.57150931155738,1.3314448055563403e-05,3658.5365853658536,6e-08,0.0491457480174508,0.9113648155503402,0.0001230709014052,8.664756691931271e-07,0.8903560160021352
C3_P2_05,C3,P2,5,Low,,0.1347751235897737,0.0429602505256636,0.0503967421812915,0.0534064059823183,0.0541935858706381,0.0013335291721847,0.0009511644904341,0.0010734941127144,0.0007954425663758,0.841325451297658,0.9195141693458716,0.7787620531062263,0.7484456187214983,0.0019256943991095,3.02e-06,3.422279512727359e-07,2.5474625055890644e-06,1.167452381218374e-05,1.057685528677447e-09,1.8550900597362248,0.0019092583575342,0.0054991164607933,0.2679938744257274,0.7656967840735068,0.0040735371337681,0.57427258805513,15.201628825925772,0.0787443564826946,10.398442370722776,-4.494440278599878,-10.902705197180978,0.3095776681831497,0.5113313559479792,0.0503967421812915,0.0543961297074233,0.7104955144318141,168.65980276688398,9.135450061996716e-06,949.3670886075948,6e-08,0.0541935858706381,0.9100533338803328,0.0001223116987442,7.33233903273957e-07,0.9086471489896416
C3_P2_10,C3,P2,10,Low,,0.1352284889887571,0.0369415743206024,0.0503708140319231,0.0494022562884386,0.0475339397866022,0.0014476728746458,0.0009185477863421,0.0009793450926181,0.0007849410532734,0.7204247187710244,0.8776561849347017,0.6479640782429793,0.7205686435972418,0.0019471164295222,3.06e-06,3.791898182153901e-07,2.5611642024772727e-06,1.193972610433322e-05,1.0625914555071826e-09,1.838308430463197,0.0019426948263419,0.0055021214424658,0.2679938744257274,0.7274119448698315,0.0040808826445232,0.57427258805513,11.690201755615591,0.0772164182116456,10.39389798354507,-4.955197799187462,-14.46737804310438,0.304378571548871,0.5163115321295121,0.0503708140319231,0.0590346884635409,0.720187672018441,173.63682535872132,8.956926745970934e-06,2307.6923076923076,6e-08,0.0475339397866022,0.9161888175175834,0.0001005494288991,7.275233964193376e-07,0.9146009901727524
C3_P3_05,C3,P3,5,Low,,0.1387704498954102,0.0319129439212509,0.0457498261544443,0.0606883903119584,0.0587203150326444,0.0010493743759461,0.0005673964801788,0.0009343345822261,0.001552768979231,0.7743238902905403,0.8868375538756768,0.8431511935876493,0.8739100360725935,0.0019805396805333,2.9e-06,4.946399325624649e-07,3.0373319921830338e-06,1.2092481883839967e-05,1.1015145418942475e-09,1.853744541881758,0.0019332913550267,0.0055027892161708,0.3062787136294027,0.7656967840735068,0.0040344723720247,0.57427258805513,7.32543088689833,0.0676228064659199,10.621581559379017,-5.32718893972011,-18.734792607011997,0.3078428949197035,0.5005465205947855,0.0457498261544443,0.0643728943615553,0.702197306326798,178.55944811428017,6.45584953752354e-06,6000.0,6e-08,0.0587203150326444,0.9289458685618296,0.0001018438794288,8.03683457121266e-07,0.881647113139846
C3_P3_10,C3,P3,10,Low,,0.1374703532994217,0.03228425335822,0.046423673365428,0.0577168426405385,0.0599334511296139,0.0011148283072069,0.000590546943234,0.0008325046329475,0.0015120807748572,0.802916690823536,0.9593741860379884,0.7477549056774464,0.8720697060656266,0.0019339731085577,5e-07,4.91439992997924e-07,6.906496147990122e-07,1.1297610256348905e-05,9.875394069718387e-10,1.814426221008187,0.0019280003345691,0.0054887659683656,0.3062787136294027,0.7656967840735068,0.0040321351640572,0.57427258805513,11.232574629200458,0.0695076552927348,10.62405284607779,-4.947882383741798,-15.09913335462403,0.3119402106152431,0.4992620138432209,0.046423673365428,0.0634009804185629,0.705835245184477,180.154267152828,5.636299179655914e-06,2459.016393442623,6e-08,0.0599334511296139,0.928015738639567,8.535304023442401e-05,5.95763197866566e-07,0.8840934962590442
C3_P4_05,C3,P4,5,Low,,0.1383724624080614,0.0233613981536768,0.0503407804110295,0.0522581389236788,0.0396670607980438,0.0008270016945278,0.0008052400153708,0.0010830504112457,0.0021700231590909,0.9372684701936308,0.9433291075299942,0.6875716466319178,0.9209374895627304,0.0018504505852455,2.82e-06,5.814054801329088e-07,2.8581198915136036e-06,1.0156955316486886e-05,8.268387556949224e-10,2.6369860189374967,0.0020576436168278,0.0054737410600028,0.3445635528330781,0.7656967840735068,0.0041613493759775,0.4211332312404287,10.223221614924876,0.0653480120732953,10.637543113060795,-4.580967391560013,-17.135977881501997,0.3046028277379551,0.4884713039318488,0.0503407804110295,0.0749326449363229,0.724823726443517,183.40410507389575,1.071159939874978e-05,3614.4578313253014,6e-08,0.0396670607980438,0.9398740618978358,5.673475765541288e-05,1.0056307892722486e-06,0.8832194648176556
C3_P4_10,C3,P4,10,Low,,0.1388287649037506,0.025486726510615,0.0535266032182509,0.0522606952237868,0.041628400197273,0.0006909139942822,0.0006947062720995,0.0011352804230614,0.0021771314120007,0.8633664458997898,0.9516086969495114,0.6955176297526796,0.9420572173694997,0.001866318595995,2.82e-06,4.916953187052206e-07,1.782288801341853e-06,1.0391134877692127e-05,8.372650730521293e-10,2.519849171839699,0.0019904228277466,0.0054540417357048,0.3062787136294027,0.7656967840735068,0.004068862717833,0.4977029096477794,9.919696356604174,0.0660659972918203,10.7055306953402,-4.554223289880928,-17.052012469909332,0.3033873030443574,0.5019827952027076,0.0535266032182509,0.071765438389944,0.7229276340852488,184.41391878663703,1.1208006875227118e-05,3614.4578313253014,6e-08,0.041628400197273,0.9412514541432374,7.778339179557973e-05,1.0422489044052327e-06,0.8874999790973511
C3_P5_05,C3,P5,5,Low,,0.1360242179925937,0.0361859974939587,0.0517649263108337,0.0632416842249316,0.0501130800409937,0.0008686012983812,0.0007193479520635,0.0018300847391814,0.0015989390878805,0.6612673508396194,0.7406855838490933,0.941905119232596,0.8433130877507418,0.0018754223571366,2.78e-06,6.237410101458184e-07,4.309540543523129e-06,1.2183221615767269e-05,1.2270214166454138e-09,2.634092367478443,0.0020398666033107,0.0054393507141944,0.3828483920367534,0.6508422664624809,0.0041449889202046,0.4211332312404287,11.688164304081354,0.0686985480114543,10.297633542675593,-4.148784139030291,-14.805681378255882,0.3286437175398021,0.4857588558451067,0.0517649263108337,0.0696467789857607,0.6931897724063173,172.341550996912,2.2736533969138312e-05,2702.702702702703,6e-08,0.0501130800409937,0.9216686303455393,9.15204445518687e-05,7.828600722448727e-07,0.8796410434982699
C3_P5_10,C3,P5,10,Low,,0.1360129254321943,0.0313864406692092,0.0554865796139541,0.0621617422150944,0.0481541129763661,0.0008643415728116,0.0007069378094492,0.0019038215930403,0.0014922858289526,0.7103843368984757,0.7960217767552322,0.9231157380485412,0.8249571126511305,0.0018846161178574,2.74e-06,6.952420122141897e-07,2.16191494613848e-06,1.1930811836765344e-05,1.1487232280939571e-09,2.7294122274985755,0.0020535409730513,0.0055011197819083,0.3828483920367534,0.6508422664624809,0.004208427422181,0.4211332312404287,10.433744067349256,0.0659078166880882,10.30395242415702,-4.333196712667054,-16.209055187685518,0.321781193689894,0.4884632733576834,0.0554865796139541,0.0706931408823909,0.6929322952764115,180.3804787693128,2.483283281759917e-05,3614.4578313253014,6e-08,0.0481541129763661,0.9282999828538688,8.672297599390772e-05,8.156732559995469e-07,0.8751139169143819
C3_P6_05,C3,P6,5,Low,,0.136188029175053,0.0278860010806047,0.0431373256906789,0.0499740930078325,0.0557828004905109,0.0006690386136433,0.0010493995592214,0.0009541719957066,0.0019682571404981,0.8315161342132544,0.8980805136183062,0.6150510952745939,0.9021644102272424,0.0018428066033721,2.5e-06,6.166618047071629e-07,1.4001885020827578e-06,9.764721903689367e-06,8.335581786026286e-10,2.691232636703103,0.0019652364697947,0.0054827560050204,0.3062787136294027,0.7656967840735068,0.0040999141951161,0.4594180704441041,10.749413196254755,0.060615154960863,10.662691010815404,-4.453195201051255,-16.381716079673904,0.2957103945796744,0.4867238535960217,0.0431373256906789,0.0628985161075459,0.7162609833120884,196.5949766287103,8.263321774058721e-06,3000.0,6e-08,0.0557828004905109,0.9405692213694198,7.459974476428576e-05,1.0222785929657497e-06,0.8793075953549745
C3_P6_10,C3,P6,10,Low,,0.1370659171570443,0.0332224403023417,0.0526507292036056,0.050737129347434,0.0501733534109712,0.0005920346167346,0.0009930428725315,0.0008422980432384,0.0019570851652748,0.9713500242371428,0.9242018199041898,0.5345356715439323,0.9085957870226554,0.0018457428418019,2.46e-06,5.595523293271136e-07,2.07016794404873e-06,9.595953554603703e-06,8.35255829902106e-10,2.5368113523888085,0.0020086852855966,0.0054794171364953,0.2679938744257274,0.7656967840735068,0.0041212829536766,0.4594180704441041,17.058642776453702,0.0615674388783235,10.708182969086735,-4.704242178892982,-10.338145584305018,0.3001213197984321,0.4981096280682471,0.0526507292036056,0.0589818718040877,0.7245553337138336,192.25395004770292,6.9782592152592435e-06,677.2009029345372,6e-08,0.0501733534109712,0.9349796707144588,9.044033806801436e-05,1.1003414095219176e-06,0.8799012566429176
C4_P1_05,C4,P1,5,Low,27.94,0.11299305885307,0.0358647411800092,0.0486272173220377,0.055436584757775,0.0487780650545466,0.0008291891137633,0.0009962129321513,0.0008116034671767,0.0012930781192014,0.6685814637893407,0.9904342425548468,0.8023754546288185,0.8668616853473091,0.0021104456332195,3.3e-06,4.576883333733944e-07,6.390297477086385e-07,1.0856024331870434e-05,8.408092175356503e-10,2.430183510697723,0.0023337796593245,0.0054720716257402,0.3062787136294027,0.6125574272588055,0.0044865551703195,0.57427258805513,14.661182887790169,0.0520783951218272,8.881154784204568,-8.284204176168524,-13.50273780740581,0.2879675498801189,0.4983615101585443,0.0486272173220377,0.0807339469875693,0.6650767818645749,261.16676460453033,4.911224153635237e-06,2173.9130434782605,6e-08,0.0487780650545466,0.8869713283256603,8.744414817005825e-05,7.6586833063453e-07,0.92252712233711
C4_P1_10,C4,P1,10,Low,27.94,0.1129391748905326,0.0331908524122113,0.0502732408592703,0.0558689401571054,0.0499426910350123,0.0009881938291124,0.0009337344938697,0.0007252896640758,0.0012870018744096,0.7953662161237576,0.9348507239061596,0.8446455211974326,0.873642289326556,0.0020833836505478,3.26e-06,4.595265279740347e-07,5.585673088340539e-07,1.0677244984357583e-05,8.666469982381014e-10,2.453506752443407,0.002252912648922,0.0054984486870883,0.229709035222052,0.6125574272588055,0.004418442252408,0.57427258805513,10.610994399563204,0.0535941637855188,8.918298443508274,-8.631811168404285,-17.31873236188886,0.2883587921336903,0.5065173183778835,0.0502732408592703,0.0749830724667725,0.6682228479742048,276.25610951875746,3.856035509280636e-06,5172.4137931034475,6e-08,0.0499426910350123,0.8984659715667456,7.846069566604127e-05,8.089131934820705e-07,0.9209963005570108
C4_P2_05,C4,P2,5,Low,27.94,0.115210031484748,0.0315808044337128,0.0513615724010852,0.0527732560895208,0.0491970510863454,0.0007323761713003,0.0008077902667656,0.0007028622448955,0.0013817975824466,0.8663116922604512,0.965246243563216,0.7305807889855715,0.8695810363796357,0.002124800427775,3.62e-06,4.780345477561908e-07,1.253612601166461e-06,1.1519881338784757e-05,8.876738833919496e-10,2.3096800667276676,0.0021563622441688,0.0055355101277166,0.229709035222052,0.6125574272588055,0.0042792114349125,0.4594180704441041,14.31012718908362,0.0545281349075072,8.901829579608275,-8.89703443565161,-12.909258906843972,0.2873874682506316,0.4910915200085838,0.0513615724010852,0.0622103706215014,0.6612532469561557,268.36525636970856,3.9921734052898145e-06,1923.076923076923,6e-08,0.0491970510863454,0.8969697537604381,9.147406446097624e-05,7.473613938991156e-07,0.8953916651051559
C4_P2_10,C4,P2,10,Low,27.94,0.1150267368296264,0.0364098919439204,0.0503978936649522,0.0539792901363267,0.0446011877763836,0.0008987864981261,0.0007155320424233,0.0006410930185634,0.0014374883831767,0.819594344851622,0.8692006697809638,0.5912873636497219,0.8801433602046164,0.0021325231187361,3.62e-06,5.329518243416045e-07,4.258080325468095e-06,1.1964471527192682e-05,1.0211625524882763e-09,2.2150893110742467,0.0022261132314084,0.0054924387237431,0.229709035222052,0.6125574272588055,0.0043459888054139,0.4594180704441041,14.647858930655373,0.0546801091761062,8.956470101330188,-8.257566978890496,-12.68358265324618,0.2839741200773776,0.4947399696082931,0.0503978936649522,0.0616786030609244,0.6519374108947164,247.29283985432753,3.960888195065419e-06,1923.076923076923,6e-08,0.0446011877763836,0.885216312340609,0.0001353019539661,7.632968103467575e-07,0.8909982378596553
C4_P3_05,C4,P3,5,Low,27.94,0.1142629491316912,0.0534615061117644,0.0388563179851917,0.0506112318486038,0.0445235886675614,0.0009267604198727,0.0010291391383435,0.0007757193030755,0.0013389239007279,0.6383342283119484,0.9569126859653352,0.6882372517565167,0.9550877143038258,0.0021311067653755,3.42e-06,1.47917455992638e-06,5.46621035130082e-07,1.1402753344335808e-05,1.004987468494118e-09,2.1893522658283686,0.0022162619947711,0.0055371795619791,0.3062787136294027,0.6508422664624809,0.0043820485854847,0.4594180704441041,10.401486748214255,0.0598249313590302,8.92222144779982,-7.947152140150317,-17.100269701959917,0.2787241344951584,0.4934273741190202,0.0388563179851917,0.0634233536031173,0.6586025462096924,240.15822076088315,5.659028750522744e-06,5172.4137931034475,6e-08,0.0445235886675614,0.8578932612239696,0.0001470113006009,8.600704000313836e-07,0.8964485530210977
C4_P3_10,C4,P3,10,Low,27.94,0.112882354842865,0.0389792518763701,0.0467763565018356,0.0539178914002485,0.0455790553763484,0.0009661231688953,0.0008353669630774,0.0007228924420312,0.0013693113245183,0.7710419825793055,0.9836100923354422,0.6704286568239707,0.953412239538436,0.0020823672735023,3.42e-06,5.184308954624465e-07,4.951321626603614e-07,1.0372060989492326e-05,8.111156806818923e-10,2.3740307946255,0.0022175539198761,0.0054977809133832,0.3062787136294027,0.6508422664624809,0.0043463226922664,0.4211332312404287,10.520349057929964,0.0599542547209251,9.052165279147689,-9.155105009362044,-17.397915863409633,0.2868439901802786,0.4928962505774542,0.0467763565018356,0.0620833755559217,0.6633099025554283,282.46999171924097,4.9995767767204235e-06,5172.4137931034475,6e-08,0.0455790553763484,0.8940763371192576,9.984648679862892e-05,8.999156735300991e-07,0.8945974496008917
C4_P4_05,C4,P4,5,Low,27.94,0.1141722551117652,0.0320948906889271,0.0562402509251303,0.052616166778062,0.0537950213119312,0.0008648787864005,0.0011976141930657,0.0007645153441943,0.0010282607852057,0.958571852590302,0.8707997684520036,0.8505787934137997,0.827575104977853,0.0020919847196195,3.94e-06,4.970861234784225e-07,7.68641757648482e-07,1.055476977186386e-05,7.09478476528377e-10,2.6960370381599574,0.0023281393846353,0.0055021214424658,0.2679938744257274,0.7656967840735068,0.0044812129806793,0.5359877488514548,15.606783437003536,0.0759251893033664,8.826838694969272,-8.812108365106289,-12.658340241661085,0.3041606054422284,0.5083177957304258,0.0562402509251303,0.0881109490283559,0.7067757474521881,280.64322484280655,4.28776471624049e-06,1724.1379310344828,6e-08,0.0537950213119312,0.9056193625882706,6.285760369551148e-05,9.111014426650216e-07,0.8939322042780382
C4_P4_10,C4,P4,10,Low,27.94,0.1136530646636829,0.0313295150040031,0.0584506424669436,0.0533263205816874,0.0541247654141494,0.0008365691439137,0.001143848379173,0.0007786547342055,0.0009004490625446,0.9095353045034368,0.8513056138942898,0.8282068438307001,0.7594209044938335,0.0020627816565652,3.9e-06,5.102283787874442e-07,1.072386140922448e-06,1.0589573477006273e-05,8.25121218626602e-10,2.6384864681198956,0.0023247477258676,0.0054727393994452,0.3828483920367534,0.7274119448698315,0.0044551698061838,0.57427258805513,15.618848469235884,0.0792558123607787,8.90110388416582,-8.865079749630869,-12.619315250013246,0.307510090978861,0.515168165194718,0.0584506424669436,0.0886861316251693,0.7061244718489592,279.46355266908574,4.730953654231788e-06,1764.7058823529412,6e-08,0.0541247654141494,0.9066951926330906,7.190067926938815e-05,8.782167324694215e-07,0.8962137951095218
C4_P5_05,C4,P5,5,Low,27.94,0.1145143454985634,0.0329137078190836,0.052613056839131,0.0455764906334023,0.0479280931275853,0.0006935592573207,0.0007863614743782,0.0013214069103952,0.0014419959294289,0.6230927743255872,0.867788601349166,0.8255901489505326,0.8856000414977919,0.002111397174475,3.46e-06,4.652599017318172e-07,2.2668582382382778e-06,1.1513513118095647e-05,1.0279526826473567e-09,2.4178969468068643,0.0022603063056505,0.0054991164607933,0.229709035222052,0.6508422664624809,0.0043793774906647,0.4977029096477794,18.495680465997506,0.057812938296017,8.92820244519103,-8.995243720256301,-9.135018634162074,0.2845889334693324,0.5054671834839817,0.052613056839131,0.0618860258980994,0.6782038875318296,274.2419564935493,1.3257987433870423e-05,802.1390374331551,6e-08,0.0479280931275853,0.8980876015013147,0.0001065534969489,8.797938509605137e-07,0.9004878284565139
C4_P5_10,C4,P5,10,Low,27.94,0.115624082094481,0.0347033956075283,0.050497531716718,0.045559233748859,0.0474128465465146,0.0007729142382984,0.0007132448491587,0.0013582293315764,0.00143117292219,0.6547042804952173,0.8767893548592717,0.7973920825168782,0.92033642778312,0.0021219873493129,3.46e-06,6.804566001596926e-07,5.02509342172259e-07,1.1923115728195176e-05,1.056953203397169e-09,2.3658462363196913,0.0022425343926679,0.0055091330663685,0.229709035222052,0.6508422664624809,0.0043676914508269,0.4977029096477794,14.492881799597145,0.060637104400088,8.88739240914633,-8.617158125039568,-12.91743462317688,0.284041134638115,0.5038572069830433,0.050497531716718,0.0633687478984283,0.6697334433302694,260.4710374289292,1.4741881265298171e-05,2054.7945205479455,6e-08,0.0474128465465146,0.8916184524232292,0.0001337252383337,8.338816130895029e-07,0.9025737581425692
C13_P1_05,C13,P1,5,Low,15.59,0.1303165507847204,0.0402363502118283,0.0557692732856551,0.0452753181221391,0.058387043571032,0.0015791782875395,0.0016671026773728,0.0007684000867572,0.0007998981949459,0.7321636941021403,0.765747833509741,0.7377677603252011,0.9287618948380728,0.0017456163995441,5e-07,5e-07,9.254093759110102e-07,1.755330365310532e-05,1.4756451697775132e-09,2.1715188415119813,0.0020608400844855,0.0061769067713828,0.3828483920367534,0.6125574272588055,0.0048254503256142,0.4977029096477794,16.065380348621257,0.0669614996112907,9.554666198788867,-1.159522074962259,-8.931348624203633,0.3220631775116103,0.4848649108532821,0.0557692732856551,0.0760814158710652,0.6695388692669917,163.9501528162071,4.849287658135937e-06,911.854103343465,8e-08,0.058387043571032,0.8820919530269233,0.0001766660776889,1.162016522403674e-06,0.9106795797063802
C13_P1_10,C13,P1,10,Low,15.59,0.130989015548548,0.0360055993170333,0.0544763021321479,0.04504286264991,0.0534241222644983,0.0014811522991893,0.0015745943595815,0.000833479212172,0.0006825241925526,0.6766313806727661,0.7104851391453018,0.7338762083051017,0.9462665905404308,0.0017893131169257,5e-07,5e-07,1.0449103064698668e-06,1.7494604088045915e-05,1.3918604097763564e-09,2.1691991730478803,0.0021153768732156,0.0063024482279256,0.3828483920367534,0.6508422664624809,0.004927285815629,0.4977029096477794,16.213363152604575,0.0698997901673208,9.545076803072629,-1.500226777540452,-9.024782471199666,0.3236233084072913,0.4845059325057304,0.0544763021321479,0.0737822262164965,0.6676644179870748,177.248244514559,6.0177585825839234e-06,920.2453987730062,8e-08,0.0534241222644983,0.8879256096192455,0.0001807337198793,1.1500900112440836e-06,0.9056587831187936
C13_P2_05,C13,P2,5,Low,15.59,0.1279645213263908,0.0245911817140142,0.0492338894099794,0.0542402216808146,0.0529054786749264,0.0021224103556556,0.002374591425815,0.0012690985694573,0.00130662113768,0.7604770331868194,0.9199134459841662,0.9913931668590772,0.9771289091776664,0.0017704042074451,5.6e-07,9.729457177383529e-08,9.245035871460288e-07,1.5018052269702812e-05,1.1019145676158951e-09,4.862520375338251,0.0021087451582286,0.0062730661849049,0.3445635528330781,0.7274119448698315,0.0049316263447115,0.4594180704441041,20.501478587805178,0.0645743268404693,9.61810628124038,-1.0115453949110582,-5.372299034985579,0.3227731089143238,0.4973623717440916,0.0492338894099794,0.0763269661044292,0.6886903509689822,211.3404211567874,1.0584147193608506e-05,337.4578177727784,8e-08,0.0529054786749264,0.9063479347146028,6.116944530122604e-05,1.7299569358408662e-07,0.8948548341679615
C13_P2_10,C13,P2,10,Low,15.59,0.1282388816973734,0.0249727404199862,0.0473447310143083,0.0540996997806352,0.0529582400035972,0.0021783011027867,0.0023142817394573,0.0014022189608007,0.0011411349871189,0.8137493037171813,0.8826410065854043,0.9921050791086684,0.957572514506534,0.0017622913186298,5.6e-07,9.838835458369205e-08,8.259417569669812e-07,1.5012947839083343e-05,1.1956953396965286e-09,4.423418011393079,0.0021591113779478,0.0062657206741498,0.3445635528330781,0.7274119448698315,0.0049843804674077,0.4594180704441041,11.941627027215713,0.0659798317149516,9.703790057118708,-0.9119431070705414,-14.138645905877286,0.3200236122799369,0.4942374191230264,0.0473447310143083,0.0755908962641667,0.6887672667635002,208.69143967040733,1.29124124415612e-05,2803.7383177570096,8e-08,0.0529582400035972,0.904478342526156,9.120188927057532e-05,1.7697495275367037e-07,0.8897114856314228
C13_P3_05,C13,P3,5,Low,15.59,0.1316700726473841,0.0425722138475307,0.0584042873092255,0.0505757939407211,0.0483789774443265,0.0024389560808188,0.0029159661368913,0.0012463254757991,0.0007394416220022,0.7276774467809576,0.898592239690505,0.7348003264831696,0.9476670198217516,0.0017462958119548,7.46e-06,1.4950445956457586e-06,3.627688414331384e-06,1.958181989869744e-05,1.5424751529580427e-09,2.5010202031369944,0.0021678630927191,0.0062567057291321,0.3828483920367534,0.6508422664624809,0.0049974020546555,0.4211332312404287,16.58974096505872,0.0674351683057927,9.37146688276166,-0.742670801132809,-8.371797319283003,0.320561487050105,0.4852705190956304,0.0584042873092255,0.0730948282277663,0.6727368978966489,154.84575612681726,1.3912210030379315e-05,943.3962264150944,8e-08,0.0483789774443265,0.8674738762782999,0.0001433151764556,1.928378700504864e-06,0.8983665750653271
C13_P3_10,C13,P3,10,Low,15.59,0.1299233684279122,0.0356613905272662,0.0589334071524676,0.0504357537751992,0.0490312145445489,0.0023747309935444,0.0029103955239206,0.0011313453152374,0.000688258553752,0.7205147946896808,0.8722316907060119,0.7915015601147599,0.938212427828916,0.0017422281795283,7.46e-06,1.185461372551803e-06,3.3587840268703655e-06,1.9217508970784826e-05,1.585964426760302e-09,2.4889406009098836,0.0021880966912142,0.0061986094167958,0.3828483920367534,0.6508422664624809,0.0049813754857351,0.4211332312404287,19.8182842938021,0.0693489637679666,9.340308031165192,-0.7522311968054691,-5.305506738957738,0.320051813523494,0.4822509422272113,0.0589334071524676,0.0748832391965905,0.6727482741398647,158.20613811731107,1.0725081018227371e-05,387.5968992248062,8e-08,0.0490312145445489,0.8725833643045722,0.0001421986864303,2.365742015716686e-06,0.9053284589749584
C13_P4_05,C13,P4,5,Low,15.59,0.1293707239116392,0.0249645072435121,0.0568900144588115,0.0477816358336527,0.0539757140140717,0.0019153564965595,0.0021792566643247,0.0015679265902372,0.0012141216145947,0.7977360519032544,0.7491973171342232,0.9075095553981752,0.9792521359970264,0.0017771073383423,5.8e-07,5.408700236993838e-07,1.3955331401685625e-06,1.496524912054567e-05,1.120145137401597e-09,5.826238672996953,0.002115670895127,0.0062910960749403,0.3828483920367534,0.6508422664624809,0.0050007409231805,0.4977029096477794,20.186226442764234,0.0651524521051803,9.690808536220048,-0.5403529894641437,-5.731328050841426,0.3181269746659135,0.488827732166295,0.0568900144588115,0.0744594888023603,0.6768644228524913,196.1081759421849,1.74716031209698e-05,349.6503496503496,8e-08,0.0539757140140717,0.9021331339486214,0.0001154767187357,6.824413931666339e-07,0.8935578123609076
C13_P4_10,C13,P4,10,Low,15.59,0.1292652634465503,0.0232371781331887,0.0575934506489293,0.0479516362175577,0.0545580144960786,0.0017908809130073,0.002271074108327,0.0015414847977985,0.001126133442306,0.7898521803009614,0.7792142018713978,0.9123427689827266,0.9623383349472304,0.0017731766206329,5.8e-07,5.444130933037593e-07,1.3588245839527316e-06,1.4810574464011156e-05,1.0342362854476466e-09,5.8460055817302115,0.0021304315914228,0.0062420147076218,0.3828483920367534,0.6508422664624809,0.0049419768371393,0.4977029096477794,12.15999603767225,0.068710756132273,9.798462106485095,-1.0203725913921158,-13.863068561186791,0.3214669448728043,0.4903582281111023,0.0575934506489293,0.0783555632088413,0.6796262287400323,204.9445261462516,1.6919663725170235e-05,2500.0,8e-08,0.0545580144960786,0.9092970466382898,9.187256726429338e-05,6.976534643805262e-07,0.898027523690592
C13_P5_05,C13,P5,5,Low,15.59,0.1309284966734047,0.0249969769763342,0.0600425956771265,0.0473535773545301,0.0573520419539501,0.0018121239395377,0.0019804859525523,0.0006933444963233,0.0008558021762642,0.901078303301709,0.8525057787699096,0.7396070840203859,0.8929856143404282,0.0017471208563619,5e-07,5e-07,1.1782996434260583e-06,1.7368407259221403e-05,1.2578113564719267e-09,2.042647348274154,0.0020891508943127,0.0063324980446512,0.3828483920367534,0.6125574272588055,0.004998403715213,0.4977029096477794,16.030954689499474,0.0634137722899473,9.49393639749728,-0.5914298504297293,-9.130273322711009,0.3103414237468195,0.4922429482585017,0.0600425956771265,0.0754377734261597,0.668733113175141,186.07416342262087,3.867108375887449e-06,911.854103343465,8e-08,0.0573520419539501,0.8987032037043055,0.000100546253686,1.1417697139023969e-06,0.920296640393776
C13_P5_10,C13,P5,10,Low,15.59,0.1304251221407661,0.0216093175695668,0.059034702613301,0.0464058041861324,0.0552983907522012,0.0017139966695855,0.001825387792217,0.000635903571987,0.0007684249756724,0.8826380468145514,0.8541941900903343,0.7429037352807525,0.9052845519818014,0.0017655918106004,5e-07,5e-07,1.3164634558782731e-06,1.699178907096212e-05,1.206719365328927e-09,2.074956470100451,0.0020728912468607,0.0063031160016305,0.3828483920367534,0.6125574272588055,0.0049012426411334,0.4977029096477794,15.224858518811985,0.0621889090641805,9.60474095881375,-1.4284386775978175,-9.963712520990146,0.3157734950056191,0.4894662888580784,0.059034702613301,0.076083377064926,0.667101369204088,196.11657110613191,3.409839928709795e-06,1102.941176470588,8e-08,0.0552983907522012,0.9040279643234924,0.0001083354361053,1.1342597586786e-06,0.9169495025034408
C14_P1_05,C14,P1,5,Low,13.09,0.0986021736888968,0.0272636237955161,0.0602936833616262,0.0468423558595501,0.0572683229311014,0.0023692590900589,0.0022486481729509,0.001237215641204,0.0013549233833059,0.8929262487761009,0.7750993706172683,0.7719795046349532,0.9497454141184896,0.0010548746293709,5e-07,5e-07,1.088967878020014e-06,1.4767492772657353e-05,1.375955777715123e-09,1.7893167904259808,0.0022389799935366,0.0032961310079509,0.3828483920367534,0.6125574272588055,0.0039887298732313,0.4977029096477794,13.77648349355029,0.0631040594640387,10.886088749587769,2.9657558569204157,-12.690884864954448,0.3100550466031163,0.4926312757756014,0.0602936833616262,0.0753230024428795,0.6704342449130131,56.22684764153404,1.2588335022932524e-05,2654.8672566371683,2e-08,0.0572683229311014,0.8192694672619696,0.0001307027020737,1.1110065596868713e-06,0.913999861235163
C14_P1_10,C14,P1,10,Low,13.09,0.1003736976594252,0.0302807228661079,0.0599180168589987,0.0484836826400574,0.059117633618304,0.0024030433193218,0.0021200722900644,0.0011623080855834,0.001329614310748,0.8977224827661766,0.8349554665194724,0.7690265712848753,0.938884062702943,0.0010465526804973,5e-07,5e-07,1.190437211214534e-06,1.5199713551879995e-05,1.5132233315297806e-09,1.723531074379084,0.002262450435596,0.0033412057330394,0.3828483920367534,0.6125574272588055,0.0040615172070778,0.4977029096477794,20.990052186115847,0.0610895772932115,11.020435749283008,2.8955201341275427,-5.442607022951556,0.3061971930449853,0.4892923365573771,0.0599180168589987,0.0760218595575293,0.6723262767038671,54.1066714884903,1.1374493196854006e-05,433.5260115606937,2e-08,0.059117633618304,0.8184289327930964,0.0001308659678193,1.1055788907608936e-06,0.9144578014234406
C14_P2_05,C14,P2,5,Low,13.09,0.1017511090142922,0.0261704802458007,0.0665290077910159,0.0531112724204354,0.0520905982461192,0.0018135303926886,0.0015287697412793,0.0012068488270759,0.001584634462245,0.704777499453565,0.7663904651672973,0.8338525668431482,0.9685239897697454,0.001058784720268,5e-07,5e-07,1.1879521122538863e-06,1.4564129364265216e-05,1.264592168250518e-09,1.5980421766094726,0.002272758009799,0.0034861126270274,0.229709035222052,0.6508422664624809,0.0040995803082636,0.4211332312404287,14.21973538696437,0.0634698016136886,11.115330982708477,3.1215677439091905,-12.437915044069324,0.3010011236372205,0.4895549780972342,0.0665290077910159,0.0756220698130464,0.681086378494809,64.4157295254377,1.1286925142252408e-05,2222.222222222222,2e-08,0.0520905982461192,0.8275109101513765,0.0001102767426475,9.326999594582006e-07,0.9093227085613668
C14_P2_10,C14,P2,10,Low,13.09,0.1010902310321174,0.0255701299882922,0.0647212946760859,0.053521191038287,0.0527965633894256,0.0019339236786529,0.0016479617628472,0.000947761941529,0.0015624176572423,0.7312555638374069,0.8263780583194321,0.7660180716217951,0.9625646515380536,0.0010449633397992,5e-07,5e-07,1.1044926510122986e-06,1.4481561929140154e-05,1.2803209834920627e-09,1.5957302309316437,0.0022505182469578,0.0034931242509302,0.229709035222052,0.6508422664624809,0.0040651899624554,0.4211332312404287,21.151299748488647,0.06556157539249,11.145006625858189,2.895920568148689,-5.445628732659799,0.2980578071781464,0.4924540778302285,0.0647212946760859,0.0767794758139286,0.674320142075341,63.92865170811564,7.607352734588469e-06,400.5340453938585,2e-08,0.0527965633894256,0.827866118728578,0.0001432684024378,9.31539138939195e-07,0.9104951252846244
C14_P3_05,C14,P3,5,Low,13.09,0.1010018583692067,0.0260755015650218,0.0608905107053188,0.0435897897086489,0.0569432657056005,0.0023187604875608,0.0015518358288363,0.0009996722685422,0.00149906351455,0.8504988578009005,0.6170401010220934,0.8314325958293652,0.9445025810097102,0.0010358099393428,5e-07,5e-07,1.075772308465345e-06,1.3915292049846536e-05,1.2972143720124131e-09,1.7032328806867043,0.0022892531873087,0.0035111541409655,0.3828483920367534,0.6125574272588055,0.004141316164827,0.4977029096477794,18.13775135544017,0.0646860681660002,11.159059450229472,3.2977299561956355,-8.78063370838927,0.3133823462106066,0.5022785958558018,0.0608905107053188,0.0758240315132635,0.6728746104403655,64.06809901489522,7.461133727767249e-06,928.7925696594428,2e-08,0.0569432657056005,0.8283193640433456,0.0001162933759648,1.0780420172935964e-06,0.912840161772467
C14_P3_10,C14,P3,10,Low,13.09,0.100538981820203,0.0248581890014729,0.0607341103700535,0.0418640547047069,0.0559373042402186,0.0023561435905106,0.0013974261296256,0.0009881993568584,0.0013828530844258,0.8570895972201307,0.5382617082259816,0.7946267181526889,0.9551835905179452,0.0010496547216751,5e-07,5e-07,1.1420217246959098e-06,1.40544381140105e-05,1.265719053656069e-09,1.698630815475211,0.0022841046108125,0.0035058119513254,0.3828483920367534,0.6125574272588055,0.0041045886110512,0.4977029096477794,20.660276749919696,0.0653633414133994,11.136452456866923,3.0477943677400714,-6.195339954121033,0.3100471231783598,0.4950092343708132,0.0607341103700535,0.0757459230495588,0.6703010849711921,62.899987250704704,7.356907517466425e-06,473.9336492890995,2e-08,0.0559373042402186,0.8252567935830443,8.804785353227056e-05,1.0671548956717616e-06,0.9116453166020188
C14_P4_05,C14,P4,5,Low,13.09,0.1005413212083053,0.0250226071478893,0.058951473688957,0.0516786295634286,0.0589121899023402,0.0022416164040626,0.0026692641458611,0.00090451421521,0.0013671239519231,0.8649663804536402,0.8759127354003905,0.6971248427581811,0.941944389179875,0.0010568689287653,5e-07,5e-07,1.0367944240780512e-06,1.5612269575194946e-05,1.4177921453208936e-09,1.6752204692925263,0.0022677788906178,0.003505478064473,0.3445635528330781,0.6125574272588055,0.0040638544150454,0.4594180704441041,18.309291915185536,0.0622550777394891,11.050988220208088,2.8051715982026773,-8.027493606214728,0.309743555387348,0.4920596544901228,0.058951473688957,0.076175087384891,0.6774732645821179,61.11456288266272,7.195438940692368e-06,879.7653958944281,2e-08,0.0589121899023402,0.8223000287309193,0.0001022480629216,1.0071673547270677e-06,0.9148724754982394
C14_P4_10,C14,P4,10,Low,13.09,0.1005583578712566,0.0250990522275772,0.0577050778124326,0.0497072492794939,0.053761046103042,0.0022628422082071,0.0025853790179486,0.0010361960615525,0.0014059491596002,0.8617548047642641,0.8376463533697629,0.7096542638723258,0.970766755363738,0.0010416272464449,5e-07,5e-07,1.1782732645004288e-06,1.5113729823150067e-05,1.3519400334813984e-09,1.6895406748876058,0.0023030970885707,0.0034393684676765,0.3445635528330781,0.6125574272588055,0.0040935703449185,0.4594180704441041,22.85914285777516,0.0668596077617193,10.924018854905851,3.1369167372726317,-3.752817294068507,0.3125986900996156,0.4913943844511347,0.0577050778124326,0.0763543239194559,0.668727713505,60.9510715179035,8.549152560825847e-06,271.00271002710025,2e-08,0.053761046103042,0.8241247111906167,7.75735738970944e-05,1.0779682166704007e-06,0.9063316239007626
C14_P5_05,C14,P5,5,Low,13.09,0.0989619330516877,0.0246098022262112,0.0592028323669242,0.0520672455936133,0.0526622875582898,0.0023183230780626,0.0016534725922438,0.0010991037878166,0.0012206428431726,0.9156063602018754,0.8279293929693202,0.9059274240425372,0.9659828714227952,0.0010407379027402,5e-07,5e-07,1.1922755027928426e-06,1.2499684945804856e-05,1.2887172578714582e-09,1.956258838306581,0.0022898111745751,0.0034096525378034,0.3828483920367534,0.6125574272588055,0.0040808826445232,0.4977029096477794,20.895304749230764,0.0676030994345077,11.175804565498096,3.981871614846823,-6.491129761555613,0.3110512667203506,0.4959467081491569,0.0592028323669242,0.0753914659363558,0.674919676541539,68.46201412582765,8.60644708886476e-06,488.5993485342019,2e-08,0.0526622875582898,0.8357692711283515,8.448951731824352e-05,1.1597414872272127e-06,0.9067394777228762
C14_P5_10,C14,P5,10,Low,13.09,0.1002420044040407,0.0310039393366423,0.0588368732180428,0.0523832722829092,0.0539316327929047,0.0023511996984282,0.0016246227729554,0.0011448625657566,0.0011438153429967,0.918540010626337,0.7739098987779625,0.9269061263777656,0.9642490330695704,0.001014106205489,5e-07,5e-07,1.8389256366275232e-06,1.1997123971818688e-05,1.2310534142573238e-09,1.900843524653361,0.0023177470667026,0.0034577322445645,0.3828483920367534,0.6508422664624809,0.0041476600150247,0.4211332312404287,22.594846836628527,0.0649438644775517,11.136031258429048,3.792498880547036,-5.075134268621588,0.3125169113549441,0.4903074526657759,0.0588368732180428,0.0762884491443317,0.6772674008867088,65.17996882350715,9.140455628828914e-06,323.27586206896547,2e-08,0.0539316327929047,0.8324627085285953,9.986509925712098e-05,1.158306169798911e-06,0.9087160063828418
C14_P6_05,C14,P6,5,Low,13.09,0.0952644946710025,0.0229789574333072,0.0579225293650638,0.0499810116693394,0.0537230123032614,0.0021441147316911,0.002033972520119,0.001057487294417,0.0013698370750628,0.8369041627305785,0.7520334197224032,0.953213005714711,0.968939933841402,0.0010221609214024,5e-07,5e-07,1.2240228921836567e-06,1.2921982330520062e-05,1.192390501242666e-09,1.7634416456998638,0.0022300120412522,0.003157234077308,0.3445635528330781,0.6125574272588055,0.0040277946349746,0.4594180704441041,17.96925402880121,0.0660690599648042,10.943661908334366,4.232211725910887,-9.043030473801585,0.3124073662702692,0.5003878739884138,0.0579225293650638,0.0755198400099808,0.6817916662541298,68.60047628423543,7.507569411582785e-06,1067.6156583629893,2e-08,0.0537230123032614,0.8313208303327418,4.7975925668620545e-05,1.1168696336323966e-06,0.9092469025586928
C14_P6_10,C14,P6,10,Low,13.09,0.0963632678882793,0.0247457904925757,0.0575807030152529,0.0481078360234715,0.0554126573676573,0.0023110608330601,0.0021147657765828,0.001163890906379,0.0014072104133827,0.840954276027979,0.7283699280081815,0.9162909463410088,0.9653123647122028,0.0010303123501882,5e-07,5e-07,1.2442684010777607e-06,1.3505185865117038e-05,1.2091507667341276e-09,1.7082922486499688,0.0022969524382187,0.0032049798972165,0.3445635528330781,0.6125574272588055,0.0041262912564642,0.4594180704441041,23.855176570323025,0.0665791514436361,10.945146662877294,4.152059705155533,-3.2222895952767443,0.3120130365040597,0.4979321140250345,0.0575807030152529,0.0757880328058362,0.6799508996324432,67.24387063077806,9.308610423465774e-06,239.04382470119523,2e-08,0.0554126573676573,0.8302795393650294,7.16306149286558e-05,1.1149301968313677e-06,0.9089456555421208
C14_P7_05,C14,P7,5,Low,13.09,0.0982558979351291,0.024612549326246,0.0612823178007914,0.0502833648093414,0.0546474481293574,0.0020676204880409,0.0022064653574942,0.001447052461439,0.0012432549177244,0.8634155401093186,0.9029951048581816,0.902447397507888,0.9854497597135656,0.0010170674082363,8.2e-07,2.773470820970909e-07,2.2883072938011384e-06,1.007517927963881e-05,1.139544086605973e-09,2.6718114787840705,0.0023339118413648,0.0031251809394673,0.3828483920367534,0.6125574272588055,0.0040922347975085,0.4977029096477794,19.117402467824572,0.0661618437033274,11.438033289636053,5.205977049598355,-9.371190422649564,0.3084624426853155,0.4972485592226547,0.0612823178007914,0.0766963947415785,0.6761060518382216,71.37570910662247,1.4413931836000717e-05,895.5223880597015,2e-08,0.0546474481293574,0.8464573862525501,9.500961453758302e-05,5.981640737526947e-07,0.904095945554832
C14_P7_10,C14,P7,10,Low,13.09,0.0975525432253921,0.0203264697866312,0.0608702966954652,0.0491326739044752,0.0539870578153083,0.0019929436995602,0.0020852845181719,0.0014078922318274,0.0011084020174288,0.8651600905064041,0.8800251107188422,0.91675023389958,0.9768571072510688,0.0010090374520837,8.6e-07,3.112021155204467e-07,3.3257659010942306e-06,9.854380271129992e-06,1.0751325113715087e-09,2.628670500437473,0.0023642114816538,0.0031702556645557,0.3828483920367534,0.6125574272588055,0.004184053681948,0.4977029096477794,21.341381383515547,0.0676787285078328,11.519181081432272,5.5333719145900275,-7.355483655711092,0.3095166146546719,0.4997645924462151,0.0608702966954652,0.0753158562913214,0.6756884743709035,77.87036980791832,1.35751024597472e-05,514.5797598627787,2e-08,0.0539870578153083,0.8579400754874169,7.103407406859698e-05,6.003792085710515e-07,0.9046367977926456
C6_P1_01,C6,P1,1,Medium,23.81,0.1176057115445937,0.0304372829538874,0.0420916855871855,0.0511684965779604,0.0570260673180892,0.0020592645991986,0.0032470752309478,0.0011729646994954,0.0008034693788275,0.7618345725747901,0.911508207280392,0.8886692150569852,0.8678169012953136,0.0020520768429489,3.94e-06,9.186009713383984e-07,4.70614464676253e-06,1.4759478162369013e-05,1.217944936274816e-09,2.805032062816463,0.0022439456494648,0.0054560450568197,0.3055767761650114,0.6111535523300229,0.0043726997536145,0.4583651642475171,21.466537041590232,0.0683456871656399,8.625731551600406,-7.222617537210654,-5.03239606951502,0.3195127915890307,0.4852463441801503,0.0420916855871855,0.0921743402510508,0.6753925859575534,221.23981505021123,9.70828743454625e-06,336.32286995515693,6e-08,0.0570260673180892,0.8877185295059692,7.465818920383458e-05,1.8552228498824563e-06,0.8812197068058333
C6_P1_02,C6,P1,2,Medium,23.81,0.1181128557474875,0.0283213822536659,0.0433572132538374,0.0518814390749562,0.0593674371560639,0.0022761331752366,0.0031138519434504,0.0010289610022603,0.0008467358044792,0.7457853868050441,0.9218976812969326,0.8571535839004267,0.8541858021915014,0.002072152110051,3.86e-06,9.455929941442176e-07,4.815178775377954e-06,1.4546145534611122e-05,1.208782919326062e-09,2.86602081905224,0.0022102308528142,0.005512138048041,0.3055767761650114,0.6111535523300229,0.0043553376372841,0.4583651642475171,22.632085070211552,0.0619514764879815,8.627606146884858,-7.345100416989851,-3.798584850904468,0.3140289125347357,0.4849164968364797,0.0433572132538374,0.089475552097465,0.6771310545135819,224.55619317730827,7.726754942002128e-06,240.57738572574175,6e-08,0.0593674371560639,0.8876208357727685,4.7229942923416984e-05,2.111883818237738e-06,0.8748710730120901
C6_P1_03,C6,P1,3,Medium,23.81,0.1169065784183165,0.0297101673576788,0.0378269323679,0.0522130462295137,0.0580650297043585,0.0020066100642882,0.00303174905642,0.0011087269433645,0.0008432135216681,0.6703799805739169,0.8938694860635612,0.9360067424341578,0.8626840755441753,0.0020820259885828,3.94e-06,9.066205637507772e-07,4.905264144827318e-06,1.4289748262833498e-05,1.2078128451605143e-09,2.778861211885321,0.0022116054456862,0.0054570467173774,0.3437738731856378,0.6111535523300229,0.0043393110683638,0.4583651642475171,11.96724426408485,0.0648518110297932,8.630604413717904,-7.35105471340476,-14.546059433701988,0.3219299233390016,0.484408778921799,0.0378269323679,0.0914806352453555,0.6815453876285381,226.09073267845528,8.441089028318818e-06,3658.5365853658536,6e-08,0.0580650297043585,0.886599502892753,6.90487360227868e-05,2.1565524417719485e-06,0.8762878267112956
C6_P1_04,C6,P1,4,Medium,23.81,0.1184775071608716,0.0268366982344553,0.0407329242296219,0.0504414943287491,0.059245663996172,0.0020060145340463,0.0029356872065467,0.0011115894464902,0.0008488344029277,0.7263016378530208,0.8985280412678366,0.859125030705473,0.8994995642920666,0.0021014434973365,3.94e-06,1.0098409871507915e-06,4.683756128641951e-06,1.4329419379003592e-05,1.144843115272891e-09,2.753651986147706,0.0021731854846789,0.0055278307301089,0.3055767761650114,0.6111535523300229,0.0042929007958653,0.4583651642475171,13.902922812284666,0.0694554991277896,8.670474445587548,-8.02774580054235,-12.446123631575292,0.3180905452050215,0.4817390625486879,0.0407329242296219,0.0916909708087288,0.6773086553352038,240.33641240241013,8.962703977421446e-06,2205.882352941176,6e-08,0.059245663996172,0.8949703163163979,6.380016148219696e-05,1.9170628256924265e-06,0.8871012627636737
C6_P1_05,C6,P1,5,Medium,23.81,0.1175927389042818,0.0278437640362796,0.0462248276703148,0.0511986449882088,0.0587903259957897,0.0022116208757701,0.0030900906440748,0.0010692019841419,0.0008664773136393,0.8406185793932341,0.9113342460423546,0.9071517624509662,0.8731918149693074,0.0020222632124717,3.9e-06,1.099802731592989e-06,4.841325833035865e-06,1.4291740217747512e-05,1.236295433163567e-09,2.9710144822203746,0.0022107220631499,0.005510802500631,0.3055767761650114,0.6111535523300229,0.0043870568882723,0.4583651642475171,18.44036144678807,0.0700757142263593,8.651687832185994,-7.1444571002031525,-8.06886679582308,0.315597343745791,0.483642638499163,0.0462248276703148,0.0927148081826815,0.6801804383313186,227.28173153009985,8.047975659205893e-06,692.8406466512702,6e-08,0.0587903259957897,0.8926673612337327,8.858428822127621e-05,1.9237109153227227e-06,0.8831710049345431
C6_P1_06,C6,P1,6,Medium,23.81,0.1181380513404733,0.0270232706835729,0.042653964576875,0.0527398155765326,0.0580531550802548,0.0020753600945473,0.0030319685475698,0.000901083001457,0.0008917491701005,0.789417844781381,0.9348574243364765,0.867865424053447,0.8232748906288546,0.0021044083627237,3.94e-06,9.88191901183961e-07,3.947374428251699e-06,1.4266675726668027e-05,1.157141202647479e-09,2.8370708349898597,0.0022534812547815,0.005510134726926,0.3437738731856378,0.6111535523300229,0.0043970734938475,0.4583651642475171,12.058998540592356,0.064867276697656,8.694899744225724,-7.728041865958758,-14.624249020283427,0.3169757326565078,0.4862030018473128,0.042653964576875,0.0955255436583823,0.6754340252363463,236.8568386245537,5.840041786287862e-06,3658.5365853658536,6e-08,0.0580531550802548,0.895586262651355,6.629778028128904e-05,2.0615960899523035e-06,0.8723680809912604
C6_P1_07,C6,P1,7,Medium,23.81,0.1173356861406463,0.0285467981330494,0.0403088278095932,0.0517937771628546,0.0572947655966152,0.0020650040002355,0.0029908321162033,0.0010561083997798,0.0008645479879244,0.7373451039255107,0.9085402688674634,0.9185878683662796,0.8602151991255258,0.0020128826198123,3.94e-06,9.57423350490066e-07,4.655372060309869e-06,1.3816801250280793e-05,1.1984128351883731e-09,3.121717606895825,0.0022589096982552,0.0055037908767284,0.3055767761650114,0.6111535523300229,0.0044131000627679,0.4583651642475171,22.996346555628648,0.0662399408523903,8.694749395106948,-7.603197742613534,-3.846952205092968,0.3174349332769943,0.4855517258107064,0.0403088278095932,0.0922075677667065,0.6786537102440056,238.80885737485667,7.796009716451064e-06,241.15755627009648,6e-08,0.0572947655966152,0.8981405527238713,6.837323533966344e-05,2.0799416329129995e-06,0.8775517800561106
C6_P1_08,C6,P1,8,Medium,23.81,0.1175064718442351,0.0275124093594797,0.0434199244354729,0.0520195760584888,0.0597259485092115,0.0020754767281311,0.0029364754983458,0.0009431666465688,0.0008497644182571,0.7657665105499619,0.9078820254118304,0.7873139627334935,0.823665269497786,0.0020825534209651,4.02e-06,9.775069312647526e-07,3.801335732632077e-06,1.4175050785208643e-05,1.189084270770942e-09,3.074312550197109,0.0022295922966308,0.005487096534103,0.3055767761650114,0.6111535523300229,0.0043590103926617,0.4583651642475171,17.873220450474065,0.0644410533262968,8.75670275880846,-8.038243734099112,-8.745438883720162,0.3162674119620148,0.4839663741189382,0.0434199244354729,0.0933880960969855,0.6733038015375982,247.0705799718451,6.919747876926298e-06,815.2173913043479,6e-08,0.0597259485092115,0.9006456320058489,6.216015687391832e-05,1.859753858166632e-06,0.8726814929243807
C6_P1_09,C6,P1,9,Medium,23.81,0.1175495048915435,0.0312167536091601,0.0420651004818637,0.0512316249221195,0.0598144474854775,0.0020109111766946,0.002955262047605,0.0010753771329013,0.0009041412810367,0.7307514854419724,0.8912661946509057,0.8792054615517856,0.844453008260532,0.0020421492668476,3.9e-06,9.706745666438718e-07,3.821877326764489e-06,1.4006937012017498e-05,1.1699720214756736e-09,2.8903156716785765,0.0022339106713835,0.0055054603109909,0.3055767761650114,0.6111535523300229,0.0044284588579832,0.4583651642475171,18.604202835655947,0.0676351853421742,8.712611103496293,-6.694063713219229,-8.083077928232758,0.3171452232818632,0.4827577014011913,0.0420651004818637,0.0912868733768191,0.6800064176802959,219.74326742460067,8.34820075135307e-06,681.8181818181818,6e-08,0.0598144474854775,0.8876065623486816,6.423708904527154e-05,1.88491723853484e-06,0.8766557104278656
C6_P1_10,C6,P1,10,Medium,23.81,0.1170254100424458,0.0286394632556739,0.0400125529947764,0.0515041439462333,0.0588768338145879,0.0019751573618921,0.0030183978092346,0.0010152230075809,0.0008865944678422,0.7531858146033604,0.8873318816951986,0.8347561849021887,0.8496272956511233,0.0021017730247908,3.98e-06,1.053640509122427e-06,3.547842178618886e-06,1.4205000073031432e-05,1.1475696348288362e-09,2.7900774070097,0.0022818316281423,0.005490435402628,0.3055767761650114,0.6111535523300229,0.0043877246619773,0.4583651642475171,14.350098507731111,0.0645028559969537,8.673466722924799,-8.018636748942619,-12.460557465473418,0.3200116604407738,0.4814726741118786,0.0400125529947764,0.0953770893763084,0.6747055296392607,240.49306068205755,7.697415489045302e-06,2238.8059701492534,6e-08,0.0588768338145879,0.8913415661913998,5.962083499888904e-05,1.9940142636661254e-06,0.873992364601632
C6_P2_01,C6,P2,1,Medium,23.81,0.1145042917442855,0.0231630067960667,0.0435365837057843,0.0482752649987031,0.0492174847585368,0.0005776448515586,0.000894655085466,0.0015510859209895,0.0012813463138935,0.8055206213450162,0.8421388736262366,0.9002820041160184,0.7565153966506839,0.002042052877742,4.22e-06,5.790706707026323e-07,2.6259790531350815e-06,1.1211823002678013e-05,8.208335754526933e-10,2.7236678510376424,0.0023938241254384,0.0054984486870882,0.267379679144385,0.7257448433919022,0.0045276232531778,0.5347593582887701,15.912577044605229,0.0613379041824248,8.939234404047884,-9.125279418012884,-12.341901881542595,0.2855275114160001,0.5101029700086839,0.0435365837057843,0.0883124242563939,0.7022227312445173,286.85782796575995,1.7018517013009596e-05,1734.1040462427748,6e-08,0.0492174847585368,0.9134588005265938,5.536637183512126e-05,8.500986225172123e-07,0.9271311272652838
C6_P2_02,C6,P2,2,Medium,23.81,0.1167145058744614,0.0273661861472451,0.0493715697792645,0.0502684865735187,0.0497123326779756,0.0007002393905854,0.0009769242040032,0.0015671810947482,0.0012653675226732,0.734264527577897,0.8305969028872028,0.8806980918842752,0.7754067095946388,0.0021546720108561,4.26e-06,5.128475102703248e-07,2.652432974203779e-06,1.2215143776694993e-05,8.846203011160555e-10,2.7149298602021332,0.0023688306298799,0.0055114702743361,0.267379679144385,0.7257448433919022,0.0044775402253018,0.5347593582887701,15.882344316897942,0.0658944550635331,8.803647086152797,-8.895579413409264,-11.908746517374311,0.2804029510628974,0.5062369990741316,0.0493715697792645,0.0855447862245153,0.7032351280981035,270.32858387656836,1.779716961220735e-05,1648.3516483516485,6e-08,0.0497123326779756,0.9058509818085492,8.15702208972542e-05,9.501431549269222e-07,0.924033120125308
C6_P2_03,C6,P2,3,Medium,23.81,0.1147592757875219,0.0259175300946896,0.0407044442271689,0.0472412633061613,0.0494437304512597,0.000648489391182,0.0008139438145929,0.0016177865483622,0.0012613906195087,0.6128028826515496,0.7401856590623598,0.8626788936425132,0.7566930723774266,0.0020152712964806,4.18e-06,6.178813188927882e-07,4.009610025301099e-06,1.105552601084304e-05,8.743041636553562e-10,2.815218709971362,0.0023850786453988,0.0054987825739408,0.267379679144385,0.7257448433919022,0.00451193057111,0.5347593582887701,16.173806173157303,0.0636142491177548,8.990865236018177,-8.870568457932828,-12.109850265425116,0.2688727065666294,0.5172875809444462,0.0407044442271689,0.0852222397405502,0.7058454762118886,279.02595231873124,1.9237781145095215e-05,1648.3516483516485,6e-08,0.0494437304512597,0.9116649773045964,6.02985932853559e-05,8.934280447669607e-07,0.9265264835719338
C6_P2_04,C6,P2,4,Medium,23.81,0.1141178309100308,0.024300571450677,0.0594284047681992,0.0484679552693389,0.0482723178719111,0.0005427198551861,0.00080775580862,0.0015620065954874,0.0012809244160867,0.528157208036859,0.7302431311517069,0.8593390111729097,0.7753959993338249,0.0020556827552731,4.22e-06,5.409593765497913e-07,4.103134578621806e-06,1.1512336267838096e-05,9.00036362341327e-10,2.7376705199874247,0.0023790800430378,0.0054123058791414,0.2291825821237585,0.7257448433919022,0.0044615136563814,0.5347593582887701,16.12802221284997,0.063498287491151,8.906328007269723,-8.996303189954244,-11.957920665297197,0.2775806616654868,0.5103133752520801,0.0594284047681992,0.0870299696667571,0.7055031194747713,276.9701917615524,1.802827029792189e-05,1648.3516483516485,6e-08,0.0482723178719111,0.9105936131795916,8.21249742344539e-05,8.826264969198619e-07,0.925589767452469
C6_P2_05,C6,P2,5,Medium,23.81,0.115117512849926,0.0224470769545112,0.0469050293696134,0.0471502384894818,0.0477095289868621,0.0006182232149539,0.0007220584089023,0.0015990960673137,0.0013195224376334,0.7760394799627744,0.7930426608471965,0.8711156719291415,0.776735606616884,0.0021087864206723,4.22e-06,5.587289443072678e-07,2.3497895149953016e-06,1.1524644409121696e-05,8.274157375652933e-10,2.6300675748699036,0.0023332057066141,0.0055034569898758,0.267379679144385,0.7257448433919022,0.0044354704818859,0.5347593582887701,15.753781923685658,0.0613014011941705,8.919502794154381,-9.689857560307322,-12.158399799293544,0.2865411137090686,0.5132828911501314,0.0469050293696134,0.086997971149434,0.7048264788719261,295.58358842320695,1.846052320682802e-05,1675.977653631285,6e-08,0.0477095289868621,0.9150474478086728,7.865600177052242e-05,9.152314199981854e-07,0.9263099901191036
C6_P2_06,C6,P2,6,Medium,23.81,0.1141644049463834,0.0202287419143686,0.0453336099099515,0.0461083766933083,0.0511040447476728,0.0005742638120918,0.0007810640419837,0.0015001718375678,0.0013393188550187,0.699297556654815,0.7966207115477272,0.8915144247753358,0.7623614751680108,0.0020981223201203,4.1e-06,5.467201307680477e-07,4.016764263935286e-06,1.1353981872266526e-05,7.990155082609697e-10,2.9434114143532892,0.0023666163359214,0.0054497012066222,0.2291825821237585,0.7257448433919022,0.0044605119958239,0.5347593582887701,16.00216734218585,0.063540396503355,8.909425849303442,-9.447575174762994,-12.09830431780217,0.2731518535424146,0.5092604279145211,0.0453336099099515,0.0873972086349897,0.7032096640417314,293.6363353087725,1.6079810508407083e-05,1648.3516483516485,6e-08,0.0511040447476728,0.9176167238528442,4.39738791195091e-05,9.2393754612429e-07,0.9236520879396486
C6_P2_07,C6,P2,7,Medium,23.81,0.1150338192587951,0.0230985886417574,0.0481268596300106,0.0511862288062031,0.0501798346493993,0.0005844896394568,0.0008511997784794,0.0016109774438339,0.0012461439431276,0.7716215184946085,0.8570547408165067,0.8825970624724869,0.7773553854129669,0.0020678583333837,4.14e-06,6.09324788409861e-07,2.534186345161697e-06,1.1512009567646743e-05,8.942246033462841e-10,2.734300300741018,0.0023899986274875,0.0055178141245336,0.2291825821237585,0.7257448433919022,0.0045463209169182,0.5347593582887701,16.037502929230687,0.0625757660135992,8.937660896909778,-8.913018716142862,-12.088335148451968,0.2810385144448015,0.5047199343263994,0.0481268596300106,0.087614586491447,0.7026583232942231,284.14264267786615,1.885767077169066e-05,1666.6666666666663,6e-08,0.0501798346493993,0.9147132524893828,6.660695913131829e-05,9.221018859041352e-07,0.9257406634886968
C6_P2_08,C6,P2,8,Medium,23.81,0.11646004510806,0.0207223387563065,0.0534347162914667,0.0476132677378708,0.0515391664544012,0.0005004512834172,0.0008837597978862,0.0015939422022175,0.0012621238912475,0.702879742037685,0.7669427391868749,0.9207111761114616,0.7920097690547171,0.0021623058172182,4.26e-06,7.001565840790643e-07,5.344301893163782e-06,1.2192297037279538e-05,8.69628996410481e-10,2.6777452680349487,0.0024198324089418,0.0055181480113862,0.2291825821237585,0.7257448433919022,0.0045169388738976,0.5347593582887701,16.064598187367086,0.0662165046537492,8.88653113756856,-9.688169825803948,-11.919648710210788,0.2795958445983735,0.5089498750535186,0.0534347162914667,0.0872660239815416,0.7007756033426442,293.09909709167096,1.7712301882061533e-05,1639.344262295082,6e-08,0.0515391664544012,0.9166039089253096,7.233989024049539e-05,9.190418193211218e-07,0.9226939535476758
C6_P2_09,C6,P2,9,Medium,23.81,0.1150337353619228,0.0257608936928799,0.04455503451942,0.0452865615499399,0.0466690248211138,0.0006683247831241,0.0008787594383208,0.0016209356157557,0.0012240914068486,0.7311818660827292,0.8321288708321343,0.8258192702540882,0.7985381216375779,0.0020969393254355,4.22e-06,6.471013402940139e-07,2.4337966678730125e-06,1.1489782809403272e-05,8.404973961672434e-10,2.819059138698514,0.0024377409259462,0.0055214868799113,0.267379679144385,0.7257448433919022,0.0045700268834463,0.5347593582887701,10.707019786745246,0.0637818053289327,8.934462881809173,-9.23106996234997,-17.599009456096894,0.2777595542463336,0.5100262936999232,0.04455503451942,0.0857910209791937,0.7075440837029571,288.75244183980243,1.996303012066637e-05,5882.352941176471,6e-08,0.0466690248211138,0.9127564855152722,5.679289000879655e-05,9.254229448262386e-07,0.9206598805625013
C6_P2_10,C6,P2,10,Medium,23.81,0.1142498843793919,0.0227036177448538,0.0486246068034428,0.0507861783089638,0.0491459055344708,0.0006012567699037,0.0007809726125654,0.0015761774611717,0.0012938693728281,0.7936273912075368,0.8282836997607583,0.8775819083835837,0.7865723575580702,0.0020566567791469,4.1e-06,5.587185390440142e-07,2.571792327866753e-06,1.1186300525673944e-05,8.205593476185803e-10,2.721650343926613,0.0024094464768063,0.0054850932129879,0.267379679144385,0.7257448433919022,0.0045229488372427,0.5347593582887701,16.198069415722347,0.0637191179998293,8.926213382350435,-9.369201022345466,-12.122807890304015,0.2820703350745145,0.5134032950939811,0.0486246068034428,0.085194783546391,0.7042740804254229,292.28291483567256,1.800491999062271e-05,1639.344262295082,6e-08,0.0491459055344708,0.9159032357660124,7.584866124717054e-05,8.35148220322722e-07,0.922304387209522
C6_P3_01,C6,P3,1,Medium,23.81,0.1136939159624025,0.0303011799452592,0.0524970738935694,0.0516975151226767,0.0401805595872915,0.0008840568107195,0.0008137757227551,0.0007485192389713,0.001865588178427,0.6437817148437733,0.9612977672723904,0.667088694016611,0.812615957628356,0.002098405426897,3.46e-06,6.213133611021555e-07,6.888553998668667e-06,1.0827330913497294e-05,8.009475059201334e-10,2.7762971605651834,0.0024461038537637,0.0054400184878995,0.2291825821237585,0.6493506493506493,0.0045630152595436,0.5347593582887701,15.3559836435842,0.050228176898903,8.890348466148296,-8.987331048637364,-13.23769655656041,0.2870096908532055,0.5009235666479119,0.0524970738935694,0.0716226714464692,0.6549777621209183,282.0153915893389,5.364953292590647e-06,2040.816326530612,6e-08,0.0401805595872915,0.907975314376934,6.0398557946684704e-05,9.128271882982412e-07,0.897463076712733
C6_P3_02,C6,P3,2,Medium,23.81,0.1141919039877235,0.026278899444933,0.0495619347481113,0.0519422573845725,0.0387349794452179,0.0010103782702759,0.0006860390319132,0.0007362700125899,0.0018207142721649,0.798833872581858,0.8764492091861141,0.6423128616636521,0.8198707830834784,0.0021036086270529,3.58e-06,5.746806295986839e-07,1.604445527203635e-06,1.085636360435223e-05,7.492886245361422e-10,2.837959349795216,0.0023722335135273,0.0054663955492476,0.2291825821237585,0.6493506493506493,0.0044691930539891,0.4965622612681436,15.147805069459784,0.0508927123353575,8.957613337911893,-9.489017899599563,-13.167896333418216,0.2838238866455772,0.4902327739008101,0.0495619347481113,0.0707438549490013,0.6539483169144343,295.06561029303293,5.24745704588368e-06,2013.4228187919464,6e-08,0.0387349794452179,0.9146103628450778,5.1850708859958795e-05,8.721620694267998e-07,0.8999383563746278
C6_P3_03,C6,P3,3,Medium,23.81,0.1144716767072517,0.0159552822820738,0.0505396062565189,0.0539144952545056,0.0404234910206126,0.0009147260551473,0.0007419625721383,0.0008344390576549,0.0018550932977177,0.6051099908754781,0.9058676573125962,0.6226921236538455,0.8247394985465804,0.0020908317197011,3.54e-06,6.532714362602402e-07,1.6610086166066376e-06,1.0941920269179545e-05,7.845663133797862e-10,3.0645655871512907,0.0023955015115969,0.0055261612958463,0.2291825821237585,0.6493506493506493,0.0045306282348504,0.4965622612681436,15.0563625894657,0.0512120810814318,8.981452570302858,-9.710285548935422,-13.31002740218915,0.2770700622467041,0.497646278016334,0.0505396062565189,0.0731243956013101,0.6593608694813943,308.9598924553052,6.961564433087456e-06,2068.965517241379,6e-08,0.0404234910206126,0.9216393052714668,4.639349140146679e-05,9.034713054838108e-07,0.8956101005694466
C6_P3_04,C6,P3,4,Medium,23.81,0.1147026730677943,0.0250467844690766,0.0460975790180072,0.0489932005799437,0.0439682282733732,0.0010135533531942,0.000910635974848,0.0008536652945163,0.0018224092556261,0.6065878748747351,0.9329948596200668,0.7241687947627929,0.8173188341829766,0.0020748874561968,3.54e-06,5.410859475008821e-07,1.457033830234811e-06,1.0839521555083177e-05,7.786892916429744e-10,2.967909284255774,0.0024285874847812,0.0055001181213508,0.2291825821237585,0.6493506493506493,0.0045773723942014,0.4965622612681436,15.251466939521588,0.0505063672345499,8.903881003580615,-8.9160857087838,-13.274903445494784,0.2745645259066654,0.4957723702331832,0.0460975790180072,0.0713776611749374,0.6604632091875132,286.0188714396749,6.574636584646529e-06,2054.7945205479455,6e-08,0.0439682282733732,0.9146999327635708,5.698378222133707e-05,9.421726794142044e-07,0.8952581316875021
C6_P3_05,C6,P3,5,Medium,23.81,0.1158768024254262,0.0297074245414462,0.0541627272377782,0.0526522948727606,0.0436379890744509,0.0010696019170249,0.0008866840624846,0.0007817416663701,0.0019050276022866,0.6860448446978372,0.9283910195734963,0.610418951398122,0.8028454295377816,0.0021684610479072,3.46e-06,6.186326709398661e-07,6.869901618702805e-06,1.160677341652241e-05,8.236615337793678e-10,3.026325076802169,0.002490305364461,0.0055572127731295,0.2291825821237585,0.6493506493506493,0.0046555019176881,0.4201680672268907,12.755281525949393,0.0503687258168566,8.805833613221061,-8.864157577370003,-15.69205195804045,0.2859441631587664,0.4900407234421693,0.0541627272377782,0.0698097162559931,0.6574704593316312,280.016441512554,6.362262961648989e-06,3703.703703703704,6e-08,0.0436379890744509,0.9085822668022606,5.201599111571254e-05,1.0481108841084688e-06,0.893237583072345
C6_P3_06,C6,P3,6,Medium,23.81,0.1158143416128265,0.0301346364229402,0.0538269521311144,0.0538128825356646,0.040144683362044,0.0008843246315587,0.0008036241761518,0.0008225895115402,0.0019269472992697,0.786169297573454,0.9286975497410668,0.6910673844456302,0.8285012571310395,0.0021404033162346,3.54e-06,4.851978164046418e-07,1.5726552777101275e-06,1.131402774615153e-05,7.760740446137523e-10,2.727184690680739,0.0025169320985624,0.0055889320241177,0.2291825821237585,0.6493506493506493,0.0046875550555288,0.4965622612681436,15.57555850445566,0.0515550565757044,8.897038817798787,-9.193730999486748,-13.075095553927037,0.2898796203618956,0.4979345213083825,0.0538269521311144,0.070886323596438,0.6566818708496704,287.4460994006631,6.1852378831231e-06,1986.7549668874176,6e-08,0.040144683362044,0.908054369388238,6.511282067133689e-05,9.748114706260826e-07,0.8960484845333025
C6_P3_07,C6,P3,7,Medium,23.81,0.1141142302769225,0.0205067389187668,0.0497494861978105,0.0558870198938948,0.0429990496749524,0.0011440585412475,0.0006785232528512,0.000767516610599,0.0018537734351834,0.8376680089033879,0.8351027826508537,0.667806347267532,0.8101017032311008,0.0020713569078542,3.54e-06,6.269371724490474e-07,1.692156317025649e-06,1.0766550537554525e-05,7.4189004095877e-10,3.1375823998879224,0.0024979522187843,0.0055284985038139,0.3055767761650114,0.6493506493506493,0.0046374720276527,0.4201680672268907,15.533211926605093,0.0502517542365129,8.895009908447147,-9.301258219697033,-13.267101243294576,0.2878946183113997,0.49379019115585,0.0497494861978105,0.0723259124786867,0.6598672938882039,300.5834420505427,5.404634904145842e-06,2027.027027027027,6e-08,0.0429990496749524,0.9186909382093852,5.3653216307277045e-05,9.449946693420538e-07,0.8963997711716636
C6_P3_08,C6,P3,8,Medium,23.81,0.1140254553054443,0.0263895707638675,0.0522206708486206,0.0524891242256601,0.0346326679871561,0.0010562563763529,0.0006827013069039,0.0007702728186693,0.0018970077351655,0.7456737350333087,0.8731030519179629,0.6670716785692281,0.829415982145184,0.0021067505043888,3.5e-06,5.522970939308728e-07,1.6423566966795324e-06,1.0851917444563574e-05,7.591353730779354e-10,3.002576691964322,0.0024842236009777,0.0055328390328963,0.2291825821237585,0.6493506493506493,0.0046344670459801,0.4965622612681436,15.542100231518152,0.0515538524819543,8.86549461549578,-9.305793051416652,-13.176045089968657,0.2885767755206065,0.4969925313639721,0.0522206708486206,0.0719850917347402,0.6493465365493073,293.8296845852379,5.903126855634852e-06,2000.0,6e-08,0.0346326679871561,0.9123425593079544,7.663815821248086e-05,1.0646255940034574e-06,0.8960695113210777
C6_P3_09,C6,P3,9,Medium,23.81,0.1149834520998974,0.0199061973527445,0.0505720052002397,0.0520531467792588,0.0380704371213963,0.0009397750900131,0.0008158363000001,0.0007693267413437,0.0019041510827039,0.6516160011358653,0.9249550321293264,0.6663863477583944,0.845468520829133,0.0020588814830026,3.46e-06,5.258153594740683e-07,6.66349128848087e-06,1.0809583765043926e-05,7.870401644787737e-10,3.058522532802301,0.002455720770833,0.0055498672623743,0.2291825821237585,0.6493506493506493,0.0046020800212869,0.4965622612681436,15.358541521454342,0.0524691561677127,8.965964041323137,-9.419032073799276,-13.276344902550376,0.2782651513198812,0.4909988262365869,0.0505720052002397,0.0718179459512517,0.652064401570656,300.01654894535955,5.749501648072364e-06,2027.027027027027,6e-08,0.0380704371213963,0.918788139326516,7.395285365749278e-05,9.467467103258492e-07,0.8948157132183212
C6_P3_10,C6,P3,10,Medium,23.81,0.1138519555069023,0.0237751722280024,0.0463707712005898,0.053097305209418,0.0415426058895567,0.0007805485437106,0.000676973456143,0.0007506593699004,0.0017745135378362,0.5732318018496825,0.8431867825649256,0.6717810317943349,0.7839841807952035,0.0021200128575948,3.62e-06,5.708921392819522e-07,6.702739305305717e-06,1.1022754961063478e-05,7.607882465510447e-10,2.819771463691684,0.0024759845155361,0.0055071297452534,0.2291825821237585,0.6493506493506493,0.004606754437222,0.4965622612681436,15.454805904261145,0.0486170622442206,8.871651159774592,-9.606367630791649,-13.166647517701383,0.2765419261258365,0.4922858074217591,0.0463707712005898,0.0712498921409754,0.6569465918683932,299.3961011098974,5.4619655942734755e-06,2013.4228187919464,6e-08,0.0415426058895567,0.9136380902461884,5.06747489645748e-05,9.12470569496596e-07,0.8942111280981642
C6_P4_01,C6,P4,1,Medium,23.81,0.1146447389037503,0.0296625199021278,0.0454893507288025,0.0550552066367425,0.0570109333715776,0.0009289498468873,0.0008635010893982,0.0012216736253534,0.0013052161311896,0.7580015165402963,0.8918295814388646,0.7818773459971738,0.8423751109772003,0.0021014311319686,3.74e-06,6.196861807923689e-07,2.51356314599315e-06,1.1366262031594237e-05,8.179647341750166e-10,2.728272468128331,0.00246674143609,0.0054787493627902,0.3055767761650114,0.6111535523300229,0.0045850517918091,0.5729564553093965,18.070459442012044,0.060482009593399,8.82912290777828,-8.997511408648037,-10.385232967678231,0.2877507724588624,0.5098054738037627,0.0454893507288025,0.0888292191265606,0.6693200899079648,278.8108310200871,1.138280738513827e-05,1048.951048951049,6e-08,0.0570109333715776,0.907997565366923,5.704130850414614e-05,9.780167659148404e-07,0.8710807625223341
C6_P4_05,C6,P4,5,Medium,23.81,0.11477652761865,0.0301585841353683,0.0482964691407302,0.0523627538303378,0.0587206258220049,0.0009816759009904,0.0007742244644521,0.0012097914310534,0.0013212303000734,0.8604071598929572,0.8186933707788341,0.782555505906774,0.8480302268452069,0.0020650493757461,3.74e-06,5.665326607756419e-07,2.4425190284862654e-06,1.0766365710888598e-05,7.596688666898502e-10,2.7008419045690633,0.0024021045840143,0.0055341745803065,0.2291825821237585,0.6111535523300229,0.0045660202412162,0.5729564553093965,12.60699888137765,0.0612965082852048,8.940935083471722,-8.884541528940293,-15.853544546208711,0.285615142842725,0.5138577893651138,0.0482964691407302,0.0879465466816213,0.6712793162425509,284.1591120058084,1.1370304166604262e-05,3703.703703703704,6e-08,0.0587206258220049,0.9097352217356964,7.645889231170757e-05,9.564396863139e-07,0.8720432128753983
C6_P4_10,C6,P4,10,Medium,23.81,0.114461086336567,0.0244350930167433,0.0501311946333028,0.0559158690252026,0.0574214200155453,0.0008544403576518,0.0008482735474912,0.0012187881069702,0.0012401072926452,0.8446105260819333,0.8764178969263602,0.7584941216970171,0.865232395659207,0.0020761673502934,3.62e-06,7.978344288423854e-07,2.558205926703228e-06,1.1072003888930976e-05,8.445503405828815e-10,2.7335323187581335,0.0024915077589982,0.0054884320815131,0.2291825821237585,0.6111535523300229,0.0046314620643076,0.5729564553093965,12.931842797226444,0.061558442872494,8.840332344262958,-9.06512105896589,-15.724536251326535,0.2857292120732473,0.508725762617206,0.0501311946333028,0.0900952454645029,0.6679890621249995,285.9593273044616,1.1960078932730756e-05,3703.703703703704,6e-08,0.0574214200155453,0.9132435506311564,7.31275378515403e-05,1.0055599388518529e-06,0.8744238793120354
C6_P5_01,C6,P5,1,Medium,23.81,0.1144219829000881,0.0327581832432173,0.0440166294024094,0.0411260103846873,0.0438805933840907,0.0008419451958978,0.0009124969526468,0.000884814670954,0.0018254451075312,0.4754806230240547,0.7858583270351077,0.7618931352843877,0.7910048102840129,0.002091085022288,3.38e-06,5.167187670395599e-07,6.021820822670818e-06,1.15381934183005e-05,9.214805646746163e-10,2.618606349576089,0.0024865630236885,0.0054901015157756,0.2291825821237585,0.6875477463712757,0.0046140999479772,0.4965622612681436,22.33298244243137,0.0485113624130937,8.896787954570863,-8.576949256946687,-6.1270252982555675,0.2684245502042039,0.4992372636694922,0.0440166294024094,0.0727404969237151,0.6636460030170949,267.269365081395,6.604349701938926e-06,381.1944091486658,6e-08,0.0438805933840907,0.8983418563063097,8.810447136911703e-05,8.07287881423507e-07,0.9198957880151516
C6_P5_02,C6,P5,2,Medium,23.81,0.1155595377365123,0.0368016072915842,0.0455559754761342,0.0453815825298604,0.0438487399883131,0.0010133669727972,0.0009177120170172,0.0009232826333442,0.0018924018337327,0.6763363726770283,0.8722821824010318,0.7472888389455248,0.7930384204360068,0.0021617518789756,3.3e-06,4.715130795930711e-07,1.5612229011711531e-06,1.1668053726219062e-05,8.59347959448391e-10,2.679916932331143,0.0024918567061805,0.0055488656018169,0.3055767761650114,0.6875477463712757,0.0046498258411955,0.4965622612681436,12.828488238520634,0.0506391374482494,8.825767706152302,-8.711825000557347,-15.60138531852219,0.2853660678726487,0.4950724666569799,0.0455559754761342,0.0706924068204993,0.6646827906825825,266.8979372841928,7.392821383191028e-06,3703.703703703704,6e-08,0.0438487399883131,0.8937644905977438,7.245667937393128e-05,7.827033466453364e-07,0.917573185619298
C6_P5_03,C6,P5,3,Medium,23.81,0.1144776527417714,0.0310622795222223,0.0488399365547951,0.0431397339675043,0.0448811216077763,0.00086705088304,0.0009409308519803,0.0008187436595918,0.0017045842975266,0.6432850826629287,0.8270846268517151,0.7575141032185927,0.791162212758634,0.0020860755958022,3.38e-06,6.330521195695805e-07,6.06124491552917e-06,1.1338677991135187e-05,8.855196967710211e-10,2.5724152680697236,0.0024628023919252,0.005506795858401,0.2291825821237585,0.6493506493506493,0.004602747794992,0.4965622612681436,15.358619646793164,0.0489655629173892,8.87111101734082,-8.903806691139915,-13.093743934285524,0.2771085649351746,0.4998773555259533,0.0488399365547951,0.0718704400151515,0.6617450542197453,276.0359562945336,5.836817641638531e-06,2068.965517241379,6e-08,0.0448811216077763,0.9015579519775944,7.377488964924368e-05,8.358617018110783e-07,0.9211062035732852
C6_P5_04,C6,P5,4,Medium,23.81,0.1145603644022469,0.0367183966722141,0.0429780970850474,0.0515391234982055,0.0373411164405049,0.0009921539068612,0.0009017150399151,0.0008673860641533,0.0017282419991289,0.5918891951216676,0.9288873586512112,0.6869706926838922,0.7857723352736029,0.0021357195594592,3.3e-06,4.546818764833373e-07,6.005352358968713e-06,1.1540309718612805e-05,8.767881672131888e-10,2.691140323053324,0.0024842353601648,0.0055261612958464,0.2291825821237585,0.6493506493506493,0.0046411447830303,0.5347593582887701,15.429285111250255,0.0487592681500545,8.849914642881947,-8.441144081679044,-13.02179149184591,0.271276081028194,0.4929005665969113,0.0429780970850474,0.0682341821878478,0.6580469387727836,263.74520110909947,7.152335757086149e-06,2054.7945205479455,6e-08,0.0373411164405049,0.8926096069646002,8.890195982555392e-05,8.088437270663385e-07,0.9221835197635122
C6_P5_05,C6,P5,5,Medium,23.81,0.1134445367175852,0.0362116833258833,0.0500524391061553,0.0458370958701703,0.0439548671869325,0.0009109854563679,0.0009590388652042,0.000884297571462,0.0017741913021646,0.6218149243682494,0.8605600958433209,0.7611646147583464,0.818127589929318,0.0020809783869509,3.38e-06,4.5885746064954067e-07,5.957573197066363e-06,1.123496674943621e-05,9.08455402026622e-10,2.6023324583907246,0.002450950574058,0.0054937742711532,0.2291825821237585,0.6493506493506493,0.0045706946571513,0.5347593582887701,15.3484953555871,0.0494116001419094,8.869950892476949,-8.696784316306914,-13.101874262457429,0.279772064319898,0.500102871189596,0.0500524391061553,0.0716107926570364,0.6609719671291997,269.12543676880506,6.5405656334098435e-06,2097.902097902098,6e-08,0.0439548671869325,0.8938482145342335,8.091897998856046e-05,8.097547047080296e-07,0.9183982076675916
C6_P5_09,C6,P5,9,Medium,23.81,0.1164652917543142,0.0372932828522146,0.0445376372158125,0.044512176755962,0.0358792517399276,0.001025236088363,0.0008559201471353,0.000868336117186,0.0017520774930771,0.7081114511276214,0.7975311344380354,0.6780112443644708,0.8058568226339883,0.0021950232347603,3.42e-06,4.462629209922822e-07,6.525354173339097e-06,1.217203719687918e-05,8.901724498112611e-10,2.502906631296133,0.0024930025819924,0.0056082974615631,0.2291825821237585,0.6493506493506493,0.0046591746730657,0.4583651642475171,15.302828494115628,0.0488518662249213,8.835245762525178,-9.06458126128408,-12.947389828800109,0.2745847391788847,0.4960591724777353,0.0445376372158125,0.0670659309075513,0.6567538607068402,273.3936594464653,7.401474616495792e-06,2054.7945205479455,6e-08,0.0358792517399276,0.8949779449554475,8.235221119690602e-05,8.290546670020187e-07,0.917054081595464
C6_P5_10,C6,P5,10,Medium,23.81,0.1152039542490811,0.0395858586240043,0.0409347537995599,0.04524637798166,0.0365495234595219,0.0008139464629077,0.0009487329633208,0.000868426542836,0.0019443427984815,0.5787190741143476,0.8388187585039144,0.7069205435414084,0.8125726331937182,0.002122733731519,3.42e-06,5.070851497017249e-07,2.8586893563126354e-06,1.167457039829874e-05,8.840701855434116e-10,2.5074471492197814,0.0025009013610122,0.0055181480113862,0.2291825821237585,0.6493506493506493,0.0046511613886055,0.4583651642475171,15.454254226382073,0.0498148116872366,8.815954621662602,-8.083674128306805,-13.004664413744583,0.2691725844872089,0.4945894903365759,0.0409347537995599,0.0655780408893897,0.6611098796671648,252.3656126469206,6.618924070825807e-06,2054.7945205479455,6e-08,0.0365495234595219,0.8874153965883611,7.969329785859888e-05,8.413896652219093e-07,0.9168052021000218
C7_P1_05,C7,P1,5,Medium,64.0,0.1257934199724489,0.0391299233383937,0.0532601319139083,0.0617939653151167,0.0589665124153194,0.0010566541724847,0.0005554773456943,0.0007429233907771,0.0013667416417982,0.8680846645788117,0.8465657666062235,0.7704017333191581,0.7712146402436004,0.0019346024804712,3.7e-06,4.46188978097674e-07,2.053644299984502e-06,1.0670872955748532e-05,1.015849455880669e-09,2.2614837231498117,0.0018144514019657,0.0054757443811177,0.267379679144385,0.7639419404125286,0.0039323029951575,0.5729564553093965,7.583344070206145,0.0628560551345359,9.876483036217994,-6.2669123417337085,-18.478959713843288,0.2965851317758964,0.4957173868097693,0.0532601319139083,0.0891435012465406,0.7027358209392642,203.8007036553921,4.2591956988520475e-06,6000.0,6e-08,0.0589665124153194,0.900994229254216,8.155841896785547e-05,7.655969958832501e-07,0.8678541069556605
C7_P1_10,C7,P1,10,Medium,64.0,0.1254047812198599,0.033556108049647,0.0556537808960753,0.0620668646113285,0.0596805709889289,0.0008623502394169,0.0006240034491286,0.000690998013045,0.001376768551685,0.9649892256029542,0.7717979699665998,0.725655459402448,0.7542650817540568,0.0019070496415198,3.7e-06,6.775848284955847e-07,2.017124208940251e-06,9.96628324969809e-06,9.042246452421223e-10,2.3794152297015727,0.001874470156355,0.0054944420448582,0.3437738731856378,0.7639419404125286,0.0040287962955321,0.4201680672268907,8.510510188176124,0.0621477146039955,9.96963552144564,-6.394064372080151,-18.131124624531175,0.3043991848056562,0.4840071063518977,0.0556537808960753,0.0898628655058,0.7031964147715621,218.069422562986,3.859111557181802e-06,5172.4137931034475,6e-08,0.0596805709889289,0.9152696513240296,9.51120868928746e-05,7.863852486042967e-07,0.8653300892534268
C7_P2_05,C7,P2,5,Medium,64.0,0.1240933919760001,0.0316614887351323,0.0643066750988559,0.057083687656461,0.0622149158474307,0.0007459361395506,0.0006792877126892,0.0007304322931672,0.0013455255277663,0.653409116101107,0.7724755057075079,0.7181430480326451,0.7043375596345157,0.0019520079328931,3.62e-06,4.94871899355822e-07,4.41621806845196e-07,1.0360530671986298e-05,9.43571706278095e-10,2.4146350939018264,0.0018818553538697,0.0054507028671798,0.2291825821237585,0.6111535523300229,0.0039940720628714,0.4583651642475171,8.618905975229357,0.0462902592630964,9.848055582250138,-6.7998596912465326,-17.888395261457266,0.2951120189217672,0.4785140261097523,0.0643066750988559,0.080838563478418,0.6736502433350351,223.92289536632111,4.633476547665319e-06,5172.4137931034475,6e-08,0.0622149158474307,0.9144928987788808,8.11462175177432e-05,7.720045830168777e-07,0.8631466726468424
C7_P2_10,C7,P2,10,Medium,64.0,0.1248599480447879,0.0337257256475625,0.0561801106709288,0.0578370894100792,0.0563877873588985,0.0009330209449464,0.0006802730961407,0.0007975933066347,0.0013087873120203,0.5918210788524395,0.8357998596599626,0.8558192066406568,0.722251057397072,0.0019940684202758,3.62e-06,5.771532012247637e-07,4.62897719672485e-07,1.071483114945534e-05,1.0034821263149204e-09,2.339669879446546,0.0018474174905008,0.0054804187970529,0.2291825821237585,0.6111535523300229,0.0039533378668655,0.4201680672268907,9.99184316787449,0.0470573349633333,9.836141286659688,-6.981324660605966,-16.20900100210969,0.2823310202980704,0.4834553063868252,0.0561801106709288,0.0827253742830693,0.672691141421661,221.62639030892635,4.740398888469504e-06,3571.4285714285716,6e-08,0.0563877873588985,0.910367967579834,0.0001047833126267,7.416630868796752e-07,0.8635218213353753
C7_P3_05,C7,P3,5,Medium,64.0,0.1241225333757562,0.037066789570842,0.0450705905349402,0.0508396243745701,0.0454889824765574,0.001022191364528,0.0009149606242889,0.0013360993099562,0.0021600872417451,0.6674791107675363,0.9697055211373916,0.7497072403637879,0.8663588046904387,0.0019483160655106,3.46e-06,5.792071940128071e-07,3.969243610733188e-06,1.1123397650069536e-05,1.0688945795062287e-09,2.334413669792234,0.0019259642446318,0.0054707360783302,0.2291825821237585,0.6493506493506493,0.0040368095799923,0.4965622612681436,8.818629459564685,0.0538062051317112,9.674037955974434,-6.64766597869774,-17.58135677956233,0.2764676746045243,0.4960087778039431,0.0450705905349402,0.0740458500773169,0.6694444893876234,212.5730835536076,1.427683419197045e-05,5263.157894736842,6e-08,0.0454889824765574,0.904958046784516,9.714219970503192e-05,9.525362665875136e-07,0.8846298480859924
C7_P3_10,C7,P3,10,Medium,64.0,0.1254282823087314,0.0352559102089742,0.0466469376842864,0.051411728837001,0.0487689180103696,0.0008817911963647,0.0010267368955051,0.0012644811511449,0.0021199771777488,0.6200027156544339,0.9764738948090596,0.7863216995874536,0.8428408601391401,0.0019750759813466,3.46e-06,5.16378045055513e-07,4.016048076597132e-06,1.1407945859290957e-05,1.0393639104403114e-09,2.4293753943193037,0.0019390720622521,0.0054917709500381,0.2291825821237585,0.6493506493506493,0.0040745387943256,0.5347593582887701,12.897845638435292,0.0522211389960909,9.681124396360444,-6.367319640740296,-13.45135529663292,0.2726380164716891,0.4994917613041646,0.0466469376842864,0.0766485423754213,0.6679668800871356,211.06446608113257,1.2612123762937895e-05,2040.816326530612,6e-08,0.0487689180103696,0.9091029708391716,9.998897590702544e-05,9.463918092372546e-07,0.8848373522845241
C7_P4_05,C7,P4,5,Medium,64.0,0.1242109374992485,0.0312512239989313,0.0436292887539114,0.0564312230711711,0.0572093296852837,0.0010670148259234,0.0006302661125161,0.0010063079440189,0.0010720492187758,0.7881193501746974,0.7845391172591694,0.9476705250025096,0.7350333694931004,0.0019837260367379,3.78e-06,7.010897944541621e-07,5.41981115295071e-07,1.044428133764696e-05,8.146867813804612e-10,2.359464175722484,0.001957546104147,0.0055328390328963,0.267379679144385,0.6111535523300229,0.0041049224979037,0.5729564553093965,9.606377823178525,0.0551324618171572,9.839560244508288,-7.0995551132090515,-17.208473010498317,0.2870484043863124,0.5104277111398244,0.0436292887539114,0.0867360835220217,0.6820372085254349,226.78552166004383,6.917422071996087e-06,4285.714285714286,6e-08,0.0572093296852837,0.915409101313076,6.294910649021851e-05,8.175413065153437e-07,0.865117347723829
C7_P4_10,C7,P4,10,Medium,64.0,0.1232130832203794,0.0424276422324519,0.039007061673174,0.0558684025596428,0.0586034865547372,0.0009008083936317,0.0006395872714332,0.0010369810565703,0.0009182578799374,0.7363210367744317,0.7315125893006745,0.9409664329765374,0.7803630959263795,0.0019790272782857,3.74e-06,4.11047855953649e-07,5.920174323748563e-07,1.0379337652102618e-05,8.522958757951945e-10,2.1109812640447307,0.0019926005819926,0.0054413540353095,0.267379679144385,0.6111535523300229,0.0040898975895409,0.5729564553093965,10.454927022238296,0.0590677850654358,9.850296989565882,-6.524797042216609,-16.54117809692539,0.2870861052732943,0.5157327546347373,0.039007061673174,0.0826743739704654,0.6872399037051045,208.69569574550343,7.396183593431015e-06,3703.703703703704,6e-08,0.0586034865547372,0.8964556146362547,0.000111907581928,8.715907184881712e-07,0.864961283042619
C7_P5_05,C7,P5,5,Medium,64.0,0.1254409353973379,0.0301156909610656,0.0580514962653394,0.0604670855965382,0.0492439139915152,0.0011134482589344,0.0005116987007206,0.0011324119043366,0.0016553288577916,0.8890347269790341,0.8144704814064692,0.9356618632026106,0.909550742574979,0.0019483798634877,3.3e-06,5.320507605593264e-07,5.239829919916653e-07,1.061273832926887e-05,9.97867829157766e-10,2.512186059994103,0.0018933852805891,0.005510802500631,0.2291825821237585,0.6493506493506493,0.0040321351640572,0.4201680672268907,12.470158537089777,0.0573592066669221,9.787374842006113,-6.691723267872672,-13.985743296409671,0.2980749164640245,0.4928788891272104,0.0580514962653394,0.0733383478326074,0.6788504389925595,226.40113148114327,8.773042614579033e-06,2112.6760563380285,6e-08,0.0492439139915152,0.9156280598701656,8.608786393627223e-05,8.881755595316832e-07,0.8996726502499097
C7_P5_10,C7,P5,10,Medium,64.0,0.1238947366329171,0.0457829014265915,0.0564110669291876,0.0578543260152973,0.0494451557180517,0.0009727964121565,0.0005446748629588,0.0010912318174784,0.0015947047301418,0.6762754651869359,0.8685259676208553,0.9106998609336736,0.9254906705320516,0.0019383844413959,3.3e-06,4.430860974484603e-07,4.646921780647707e-07,1.0276729555383488e-05,9.504103249996267e-10,2.319477648977612,0.0019620793973181,0.0054747427205601,0.2291825821237585,0.6875477463712757,0.0040895637026884,0.5729564553093965,20.189044502743325,0.0577141761922506,9.712940965546611,-6.223042224686451,-6.716134236223298,0.2871125251281364,0.4946360678453447,0.0564110669291876,0.0749174513635402,0.6760796620140903,208.8508830944897,8.344664642077723e-06,350.87719298245617,6e-08,0.0494451557180517,0.891046159885912,0.0001019192348903,8.407214505941304e-07,0.8908946832472782
C7_P6_05,C7,P6,5,Medium,64.0,0.1205266656064713,0.0393796911932961,0.0512835583415874,0.0573489737472579,0.0576204368988327,0.001052218572377,0.0007309675481296,0.0007451707740078,0.000935198749112,0.9073981275228424,0.8347241049824426,0.7341522600686986,0.6736036106695358,0.0019814232647866,3.78e-06,6.166577904371206e-07,4.496496803250816e-07,9.793917744505671e-06,8.167806822382897e-10,2.4047636481419152,0.0019795436570505,0.0055421878647667,0.3437738731856378,0.7639419404125286,0.0041763742843403,0.4583651642475171,10.678698911874276,0.0623534193720099,9.518125705496006,-6.972773767971568,-16.512434714787645,0.3055562709019663,0.4986889806416627,0.0512835583415874,0.0940667815350505,0.7056436179057006,234.01784886717937,4.360209064818928e-06,3658.5365853658536,6e-08,0.0576204368988327,0.90120965574831,8.54796178613121e-05,8.9645332182819e-07,0.859425680782091
C7_P6_10,C7,P6,10,Medium,64.0,0.1218898134345016,0.0352413478599576,0.0512622361166946,0.0548229739344344,0.0598732792401397,0.0008483785595905,0.0007683757181291,0.0007261858652233,0.0008094930113262,0.9133042480269596,0.919626152562696,0.8151545021212616,0.6128203330117957,0.0020070977906116,3.74e-06,5.932047257535309e-07,4.97124769456983e-07,1.0046167367538092e-05,8.752666116489601e-10,2.4696422768020057,0.0018935854948213,0.005554875565162,0.2291825821237585,0.7639419404125286,0.0040691966046855,0.5729564553093965,8.702572223245648,0.0633394939869145,9.61573811260902,-7.339116990119253,-17.992518513980762,0.2933901468410875,0.503472625357311,0.0512622361166946,0.0939582374384146,0.700058321383748,241.22402050262036,4.018560945148615e-06,5172.4137931034475,6e-08,0.0598732792401397,0.9079506628164145,7.266719301818237e-05,8.758623361012947e-07,0.8579368765379841
C15_P1_03,C15,P1,3,Medium,10.14,0.1368655063658141,0.0975967841972657,0.0500315671644528,0.0558387121002846,0.0532113504420375,0.0029708048898038,0.0015496636386107,0.0012165058108703,0.0010117736942626,0.4895812580190424,0.9348978910546464,0.9721715038866572,0.9657897610494128,0.0017346189397582,1.026e-05,3.2145097911267813e-06,5.480207687285025e-06,3.811128474717384e-05,3.1252991932487612e-09,3.168492664505174,0.002574090230064,0.0063064548701556,0.267379679144385,0.6493506493506493,0.0054331243971773,0.4201680672268907,18.933468424605586,0.0652134469486585,8.993205607955424,-0.3497066738825534,-4.637867473056718,0.3006704766160253,0.4873057883476834,0.0500315671644528,0.0857146168048923,0.6833456011883113,73.02587300187385,9.934781813605932e-06,761.4213197969542,8e-08,0.0532113504420375,0.7089865117577316,0.0004856687559463,6.115930480883315e-06,0.8874838515946624
C15_P1_05,C15,P1,5,Medium,10.14,0.1367418952448958,0.0915633985288062,0.0501058313075732,0.058025241393664,0.0539992842659716,0.0028829187307519,0.001522916690428,0.0013003485924328,0.0010349942364033,0.4594133578842775,0.8824522429451246,0.9638141812460514,0.9890930010170934,0.0017242751997414,1.006e-05,4.35583726534112e-06,1.520105643121936e-05,3.5806288429895835e-05,3.0018974408896575e-09,3.2800650972997234,0.002595742335588,0.0063131326072058,0.267379679144385,0.6111535523300229,0.0054461459844251,0.4201680672268907,14.010933289725909,0.0667778076895081,9.007670480911989,-0.3739312573332053,-9.904101725730085,0.3021790773131129,0.4879358202926644,0.0501058313075732,0.0846332952344788,0.6794861000112462,79.07830347991403,1.1432964563342855e-05,2439.0243902439024,8e-08,0.0539992842659716,0.7260440158392862,0.0004231191173407,6.287458038551194e-06,0.8964574834340141
C15_P1_10,C15,P1,10,Medium,10.14,0.1363798793959573,0.0932268329028971,0.050163067570114,0.0591795583152526,0.0546482747638719,0.0028252953102772,0.0015273734215348,0.0011855502049697,0.0011590293085348,0.5109877930229443,0.8537214560484659,0.9960312542588255,0.9862717856589108,0.0017266831276952,1.01e-05,4.272000176893572e-06,1.5441440303801987e-05,3.564853407150521e-05,3.0212357772195552e-09,3.0931169543514505,0.0025724520049472,0.006301446567368,0.267379679144385,0.7639419404125286,0.005419101149372,0.4201680672268907,16.73371619494202,0.067660591231156,9.014256632341205,-0.4913056628066368,-7.122209129113562,0.301931202860083,0.4861698162609546,0.050163067570114,0.0840371540752965,0.6876993886733159,77.6311853511509,9.229949078899886e-06,1287.5536480686694,8e-08,0.0546482747638719,0.7213644015301961,0.0004261945798046,6.552653708813324e-06,0.8945839641519719
C15_P1_09,C15,P1,9,Medium,10.14,0.1358009165817471,0.0907102585927792,0.0503031604258959,0.0590733401067201,0.0545615179065256,0.0029000076861975,0.0014929420229292,0.0011515489664759,0.001105983626919,0.4572013461687886,0.8639950893441379,0.9793705524027746,0.9388667505122168,0.0017200184317117,1.05e-05,4.12674944477292e-06,1.543411452041414e-05,3.5313194556456156e-05,2.9940848714249895e-09,3.222427806938965,0.0026019296944959,0.0062580412765421,0.267379679144385,0.6493506493506493,0.00544013602108,0.4201680672268907,20.02921237258566,0.0661139581206237,8.993516120943308,-0.3678408470568571,-3.96672517176488,0.3009006927692313,0.4871996592194354,0.0503031604258959,0.0850861184880288,0.6833070600091122,78.09408100168274,8.861041563712176e-06,446.42857142857144,8e-08,0.0545615179065256,0.7269505103386553,0.00044803910905,6.388135335255022e-06,0.8844025160778307
C15_P2_01,C15,P2,1,Medium,10.14,0.128285553820359,0.0264880522309026,0.0537285695533408,0.0526773741994148,0.0494805947505265,0.0018648383867629,0.0012745879639745,0.0010887440420055,0.0009633509538633,0.8720045815446785,0.9537521920179324,0.9458193580292148,0.9779020349502792,0.0017592430743161,9.6e-07,9.165292072760972e-07,8.124320746881045e-07,1.508751817041993e-05,1.1843160371138747e-09,2.9772185695475404,0.0025912645888281,0.0063011126805155,0.3819709702062643,0.6875477463712757,0.0054564964768528,0.5729564553093965,22.52177282988544,0.0672028527177971,9.60291563319356,-0.8296947622498613,-5.1316807779693505,0.3158480515496233,0.5054921695673967,0.0537285695533408,0.0868084347733907,0.6793440360110955,212.6877974790604,8.039264995958676e-06,314.13612565445027,8e-08,0.0494805947505265,0.9076624470995518,0.0001387540547967,5.733664574057863e-07,0.8955890766855555
C15_P2_03,C15,P2,3,Medium,10.14,0.128447035575272,0.0269718039065011,0.0537076147592766,0.056090349922578,0.0532331128167616,0.0017816141182114,0.0012544703862175,0.0010675152792255,0.0009155359513937,0.8813310876867814,0.9492120779134388,0.9858905470468524,0.9615492690537478,0.0017794242380678,8e-07,7.513459567064991e-07,8.53504853222253e-07,1.5123206083287616e-05,1.218365409950802e-09,3.016080566239795,0.0025756849362996,0.0063588751059992,0.3819709702062643,0.6493506493506493,0.0054301194155048,0.5729564553093965,19.265867680549597,0.0645509153069936,9.666121003309051,-1.4385739487679274,-8.324944842603749,0.3170456630146843,0.5040711939043222,0.0537076147592766,0.0840926855944885,0.682273790940059,222.91841570610788,7.540735052865057e-06,707.5471698113207,8e-08,0.0532331128167616,0.9100047658793908,0.0001529614062827,5.14457897803857e-07,0.8859951425458688
C15_P2_06,C15,P2,6,Medium,10.14,0.1293450646816134,0.0287883003411968,0.0528360963144193,0.0553599010325566,0.0468724350757424,0.0017523300739969,0.0011512814794253,0.001115806207058,0.0008993966328893,0.8461700579244545,0.9751543432061294,0.8997516734239732,0.9231490061758072,0.0017753997055084,8e-07,7.498063631006476e-07,1.0059745228778454e-06,1.530634169081513e-05,1.1935870680016e-09,2.814677995786354,0.0026092777558761,0.0063585412191467,0.267379679144385,0.6493506493506493,0.005512589468074,0.5729564553093965,19.36608145727359,0.0663410651699814,9.692883405265796,-0.9341623909827416,-8.285007205951288,0.3148698169878853,0.5017894016243841,0.0528360963144193,0.0845021956956907,0.6799086183442778,215.07745051009385,8.701451711429907e-06,709.2198581560284,8e-08,0.0468724350757424,0.9087555803913526,0.000168525942449,5.495244350253049e-07,0.8922363745127774
C15_P2_10,C15,P2,10,Medium,10.14,0.1287072152427054,0.0304198594996312,0.052902847797343,0.0546708815211981,0.0506297636733635,0.0018187157935623,0.001328603374048,0.0010715074346711,0.0009053336436003,0.8792309453303959,0.9780304790360798,0.9275318900625102,0.965116840891408,0.001758940424596,1.04e-06,9.42856361180902e-07,7.508086874979651e-07,1.5111338879501253e-05,1.1956343051140339e-09,2.846234955913583,0.0026075817007491,0.0063485246135715,0.267379679144385,0.6493506493506493,0.0054852107461684,0.5729564553093965,19.398324861643236,0.0684277321117924,9.625791223402697,-1.0734409425111842,-8.30280064676705,0.313692205111176,0.5025595213373912,0.052902847797343,0.0847563723106891,0.6798806363315378,216.6351964036402,8.006294201609493e-06,707.5471698113207,8e-08,0.0506297636733635,0.9065712951246456,0.0001461625490131,5.275355724631334e-07,0.8919538235842487
C15_P3_01,C15,P3,1,Medium,10.14,0.1368823683697462,0.0705184092466049,0.0616702242293648,0.0521709914731361,0.053922946921474,0.0029902290191137,0.0018512440416129,0.0012968037340235,0.000987098017171,0.8515551572743132,0.9516250658434066,0.9850202619071456,0.979478558920006,0.0017805932901779,1.72e-05,1.2054357927757952e-05,4.377369516840509e-06,3.397147152064126e-05,2.8142870810943335e-09,2.996212175354139,0.0025645685904497,0.0063849182804948,0.2291825821237585,0.6111535523300229,0.0054591675716729,0.4583651642475171,21.026091128188185,0.0640655632671334,9.014009375933089,-0.5177508148692272,-3.0124481228240603,0.3033435005252746,0.4879363155513667,0.0616702242293648,0.0916726650037033,0.6817629774616183,85.77266725402384,1.1123161233346e-05,280.6361085126286,8e-08,0.053922946921474,0.7447143585813227,0.0004170515554836,9.987768146528452e-06,0.8943189075578531
C15_P3_05,C15,P3,5,Medium,10.14,0.1362215825159232,0.0655680056420962,0.0618133913259902,0.0493718728081842,0.0551920662516783,0.002784423500789,0.0019000576687089,0.0012278313560332,0.0011285846329783,0.8549216894006899,0.922673573406904,0.9624162604903012,0.9757347286279218,0.0017174590030574,7.62e-06,3.213883339150863e-06,1.551579525199781e-05,3.0370543904886705e-05,2.676902029725244e-09,3.022946996594122,0.0025731586937817,0.006323816986486,0.2291825821237585,0.6111535523300229,0.0054321227366198,0.4583651642475171,13.92595027060234,0.0651396066593701,9.11925467533581,-0.4772308532684645,-10.628251920853206,0.3049640467251027,0.4902452680543268,0.0618133913259902,0.0886197523344927,0.6799741042559664,92.78724662381522,1.011766182790059e-05,2479.3388429752067,8e-08,0.0551920662516783,0.7613327941065932,0.0003502545433827,2.342656926565432e-06,0.8881022644813253
C15_P3_10,C15,P3,10,Medium,10.14,0.1340064073400445,0.0690790100909779,0.060703940033496,0.0516730288877741,0.0542944378802474,0.0026999775022758,0.0017234887078317,0.0012749227895238,0.0010811078659364,0.882450891479083,0.9357521920181848,0.9307575780302758,0.970254231014552,0.0017074132141741,7.66e-06,2.007571601036192e-06,1.599393001085842e-05,3.068662488812266e-05,2.691356086752564e-09,3.0437134152559806,0.002509207541413,0.0062273236861113,0.2291825821237585,0.6111535523300229,0.0053062473932246,0.4583651642475171,13.2540110045424,0.0680067187917324,9.029833759658352,-0.5491971639325101,-11.036625898065449,0.3029264533876012,0.4876347484064049,0.060703940033496,0.0870682256319932,0.6763192718854072,90.85957420310432,1.1084139531622424e-05,2830.188679245283,8e-08,0.0542944378802474,0.754980701247651,0.0003600784115604,2.5039314015486586e-06,0.8941914124111905
C15_P3_12,C15,P3,12,Medium,10.14,0.136456482438228,0.0672711036086887,0.0613452001694658,0.0508511855019911,0.054260318095412,0.0027319149687066,0.0018290644530415,0.0011886661824996,0.001096677181137,0.8707668957773749,0.9282125845175624,0.9181318155535364,0.9191231296746089,0.001773951536015,7.22e-06,3.279404419477355e-06,1.5572277705322797e-05,3.1501998049837046e-05,2.695239981861763e-09,3.161657848007031,0.0025548566818041,0.00638959269643,0.3819709702062643,0.6111535523300229,0.0054384665868175,0.4583651642475171,21.157971337561207,0.0659632751508487,9.032257605313266,-0.5552301725341856,-3.175374981297179,0.3056520005285296,0.4858015331674587,0.0613452001694658,0.0878920588844202,0.6742049104402144,95.806492010182,9.78578275342992e-06,282.2201317027281,8e-08,0.054260318095412,0.7631954939125245,0.0003528008159324,2.438971547987393e-06,0.8828521942843717
C15_P4_01,C15,P4,1,Medium,10.14,0.134595805964387,0.081952416671157,0.0487453773530714,0.0567447389264357,0.0543715045570784,0.0021764205346147,0.0011301233759755,0.0010971807670092,0.0007903933630775,0.8318788104543019,0.9665151727494038,0.9542581292834936,0.9866474162345948,0.0017561961638289,9.54e-06,3.0797008845882404e-06,1.04092458732168e-05,3.2997927043057224e-05,2.859071245310816e-09,2.70513749570344,0.0025626370853464,0.0062951027171704,0.2291825821237585,0.6493506493506493,0.0053776991796611,0.4201680672268907,21.639409942895806,0.0674156951234233,9.341384265365592,-0.5676556345597265,-2.5188620780909776,0.2840107836392642,0.4960399376908514,0.0487453773530714,0.0892034581299034,0.6807656085448799,94.76149418064574,8.198461721713321e-06,240.57738572574175,8e-08,0.0543715045570784,0.7491460451367323,0.0003125859073441,6.7798312925996005e-06,0.8963020986360837
C15_P4_03,C15,P4,3,Medium,10.14,0.1335504461855762,0.0770946610655145,0.0513068430299533,0.0531142407174102,0.0545793361415193,0.0023996718996248,0.0010860623028296,0.000969686963917,0.0007374774761597,0.902634475010514,0.9304818070754995,0.970744626611267,0.9478908521826352,0.0017553836896621,9.78e-06,2.9441180022941807e-06,1.6162774921237664e-05,3.140882523853801e-05,2.764030756755701e-09,3.9978499206911207,0.0025504960939366,0.0063067887570081,0.2291825821237585,0.7257448433919022,0.0053807041613337,0.5347593582887701,13.556103407232548,0.0647840594195592,9.248842659216896,-0.6257818750553206,-10.775269382248029,0.2896573603625548,0.5023124065843669,0.0513068430299533,0.0904090042905211,0.6875986848588389,101.00166336197536,6.3230145928293866e-06,2678.5714285714284,8e-08,0.0545793361415193,0.7622061354244788,0.0003303429114979,4.938295753080895e-06,0.886120922066044
C15_P4_09,C15,P4,9,Medium,10.14,0.1336840631685948,0.0806045117882901,0.052610819242121,0.0567773297474187,0.0530726316704927,0.0024273658059527,0.0009419312934888,0.0010738125112558,0.0008055161464786,0.941079420078032,0.9258821224001024,0.9784139840018228,0.9735190343439428,0.0017488793219917,9.38e-06,2.261335171221365e-06,1.5918598336685705e-05,3.1878105055441684e-05,2.815523336821026e-09,4.049508480786203,0.0025589700976326,0.0063031160016306,0.2291825821237585,0.6493506493506493,0.0054070812226818,0.5729564553093965,13.596396260785845,0.0642089846381431,9.256954809882048,-0.4662910382999928,-10.699379450428522,0.2933972904240757,0.5026235912127991,0.052610819242121,0.088141669153236,0.6823129571768756,97.20127504564392,7.672259104726295e-06,2678.5714285714284,8e-08,0.0530726316704927,0.753749142938251,0.000332465987719,6.2887817912507585e-06,0.9014507886002684
C15_P4_12,C15,P4,12,Medium,10.14,0.1340413116931658,0.0810208454792331,0.0525565883280979,0.0575101385790083,0.0550211664027098,0.0022302276306275,0.0011291037519238,0.0010188933990972,0.0009214353008676,0.8827781502806759,0.9242054057537732,0.9622324962994758,0.9683831300489076,0.0017464012184077,9.22e-06,2.958723306096011e-06,1.6327848153007863e-05,3.198410320850829e-05,2.824436295830595e-09,3.978378648483538,0.0025234253665982,0.0062927655092028,0.2291825821237585,0.6111535523300229,0.0053776991796611,0.4583651642475171,21.114186317031724,0.062704177414743,9.232794009499967,-0.4213175765043541,-3.045677655947525,0.2886028072287959,0.4977885004434079,0.0525565883280979,0.0864030465431686,0.6827799868217251,95.6632391510964,6.978244571301279e-06,292.6829268292683,8e-08,0.0550211664027098,0.7524590211879851,0.000348433814498,5.214639535102169e-06,0.8901153377544256
C15_P5_01,C15,P5,1,Medium,10.14,0.1363636319589097,0.0506316912014598,0.0556225532273198,0.0442179493148849,0.0556984872443059,0.0049152713343784,0.0027974976067915,0.0013671629102379,0.0011213416699666,0.869609625700046,0.6715682454807349,0.9316106612448936,0.9915123376042148,0.0018139415056374,7.98e-06,1.4285575111292927e-06,1.2100565012861878e-05,2.8799759426706375e-05,2.2239346088327984e-09,3.106481593401814,0.0026133527203312,0.0063952687729224,0.3819709702062643,0.6493506493506493,0.0055012373150888,0.4201680672268907,14.50185280411937,0.0652504264705756,9.22068251433019,-0.4161876502316349,-10.417615656882566,0.3204923470599499,0.4625069929213758,0.0556225532273198,0.0875763875558016,0.6799963028774251,118.4054499972251,1.3107054074992766e-05,2238.8059701492534,8e-08,0.0556984872443059,0.8184722391910227,0.0001886962936531,2.7151393766378643e-06,0.8921507390429757
C15_P5_05,C15,P5,5,Medium,10.14,0.1339782247273114,0.0501259769525694,0.0559730814329376,0.0441563410433844,0.0586837290137037,0.0049139627577926,0.0027142437973411,0.0012939711659638,0.0010646011554789,0.8879417116446203,0.6806532268246184,0.9014393069439758,0.978144015449734,0.0017475530747089,8.18e-06,1.4027190757735435e-06,9.644230180975772e-06,2.784956813926815e-05,2.2058654445346793e-09,3.042254195071915,0.0025452423237585,0.0062179748542412,0.3819709702062643,0.6111535523300229,0.0053529915525756,0.4201680672268907,13.46005577719193,0.0686383032019228,9.17141619655247,-0.271497560223902,-11.375738764819294,0.3191617901301224,0.4635538091764203,0.0559730814329376,0.0864671803439476,0.6808837176510031,113.46713506865974,1.2172929696382536e-05,2803.7383177570096,8e-08,0.0586837290137037,0.8172709339645534,0.0001920564413209,2.665146306566538e-06,0.8982607435883525
C15_P5_10,C15,P5,10,Medium,10.14,0.1348622828615294,0.0488326954008595,0.0560415058841471,0.0443450109661489,0.0556031824753901,0.0047038969142989,0.0026738086208891,0.0013652623709141,0.0011397115392086,0.8732045634567107,0.672014836071254,0.8745127244184945,0.9447470868036912,0.0017856318670511,8.26e-06,1.6485205348920194e-06,9.671538254424162e-06,2.6897926437984887e-05,2.1270551591784287e-09,3.299560587398641,0.0025430426463819,0.0063558701243266,0.3819709702062643,0.6111535523300229,0.0054504865135077,0.4201680672268907,18.26867117899013,0.0649079859573863,9.16802597076314,-0.2795737368957393,-6.710610136936168,0.3199258951520815,0.4630271499637529,0.0560415058841471,0.0875688388017524,0.6729886774239473,122.01028407534506,1.3595522735607426e-05,895.5223880597015,8e-08,0.0556031824753901,0.823796908355506,0.0001848914714817,3.468250648095675e-06,0.8838825287711359
C15_P5_12,C15,P5,12,Medium,10.14,0.135364627935829,0.0513417381034543,0.0552132945114185,0.0433647329292065,0.0567444045192361,0.0047889106075506,0.0025558764385102,0.0013824079272587,0.001058536371812,0.8609819044614602,0.6628913453863844,0.9279521963880528,0.97944700917283,0.0017810125662003,8.18e-06,1.5036821004983014e-06,1.0297510841957082e-05,2.780558364712551e-05,2.2235809456971766e-09,3.0435609385219253,0.0025798359486379,0.0063615462008193,0.3819709702062643,0.6111535523300229,0.0054518220609177,0.4201680672268907,18.33077484775646,0.0662346127720962,9.144833695171796,-0.4061605361085562,-6.629143265485667,0.3217184698235096,0.4617415612093731,0.0552132945114185,0.087558949914711,0.6795407423957209,120.54796297275324,1.3405392415089036e-05,895.5223880597015,8e-08,0.0567444045192361,0.8208821832597789,0.0001987290572721,2.5071309281659834e-06,0.8910069481198374
C16_P1_01,C16,P1,1,Medium,12.9,0.1348609189962155,0.0403579613579981,0.0596113194815273,0.0485415113047991,0.0595816661334123,0.0031454317815961,0.0043147598821626,0.0017525682286521,0.0012041851112302,0.8671422636857139,0.9021535188550132,0.8023322012801773,0.9818815491276924,0.0017555352329829,7.78e-06,1.7811862364003269e-06,3.0092939907757184e-06,2.342994091368052e-05,1.8222122400019043e-09,3.3743115347174126,0.00252923958468,0.0063184747968459,0.3819709702062643,0.6111535523300229,0.0053907207669089,0.4965622612681436,22.13331048576984,0.0638121900812615,9.148271037476768,-0.4516980653403864,-3.398173451126562,0.314548780029966,0.4903019840601882,0.0596113194815273,0.0896383581386358,0.6747894974102715,131.37396988182016,2.484804584412797e-05,257.0694087403599,8e-08,0.0595816661334123,0.8462471781859869,0.0001244938357055,3.075755681472095e-06,0.894091225522776
C16_P1_05,C16,P1,5,Medium,12.9,0.1338870862656545,0.042391699885471,0.0593400263322312,0.0493586462339286,0.058826160355312,0.0032526733813013,0.0040738345107383,0.0016113561022105,0.0012547469240708,0.8668781658981618,0.9158549418073916,0.8366218622695154,0.9767940311646572,0.0017380478574288,8.02e-06,1.4044460052739823e-06,4.451827732215877e-06,2.2354427114770214e-05,1.7343464647416347e-09,3.5652356862284,0.0025678774647854,0.0062723984111999,0.3819709702062643,0.6111535523300229,0.0053646775924134,0.4965622612681436,13.98366525799992,0.064017776593625,9.314317620240269,-0.8298465717537489,-11.8835816826622,0.3155401215275428,0.4898455104749826,0.0593400263322312,0.0888894051536167,0.675936051661312,136.5778178343856,1.9440623092557856e-05,2459.016393442623,8e-08,0.058826160355312,0.8492051886154646,0.0001156876716301,2.6634328083156394e-06,0.8923077192491116
C16_P1_10,C16,P1,10,Medium,12.9,0.1332346868246279,0.0410718394525125,0.0594111214918759,0.0497930643028787,0.0595594235156389,0.0031375377588756,0.0039677953173867,0.0015732134801184,0.0011179829303339,0.835287535930507,0.9223326495946697,0.7855984690143702,0.9901104197091656,0.0017802831952422,8.1e-06,1.3006340613248315e-06,4.323549588694457e-06,2.2188115366146207e-05,1.69614414976602e-09,3.426486850763089,0.002511676251492,0.0063224814390758,0.3819709702062643,0.6111535523300229,0.0053403038521803,0.4965622612681436,18.171432645824584,0.0658159499842469,9.313754196455829,-0.8758525113278796,-7.53603285156987,0.3177015837452461,0.488480132711784,0.0594111214918759,0.089201195986237,0.6740875823899505,142.28826337218615,1.9826041412700264e-05,887.5739644970414,8e-08,0.0595594235156389,0.8513296547616854,0.0001180142644426,2.190373890789439e-06,0.9023712293030072
C16_P2_01,C16,P2,1,Medium,12.9,0.1335227926874578,0.0288560976887753,0.0500735267483382,0.0500504721591345,0.054682315898512,0.0022684902531401,0.0024275034638246,0.000866340342813,0.000748328670924,0.7591050552942181,0.8992652436337196,0.561170982685155,0.9676770504469928,0.0017629509638975,6.8e-07,6.52012652251367e-07,6.604157323813738e-07,1.9363190641230664e-05,1.559723940134252e-09,2.349766430008793,0.0025895097396159,0.0062894266406778,0.3437738731856378,0.6111535523300229,0.0054167639414045,0.4965622612681436,18.202088291813688,0.0637433538181906,9.447032712839306,-1.1171380340566135,-8.36188993658273,0.319529901226186,0.493958106950326,0.0500735267483382,0.0840583765606522,0.6616437109169226,165.42828261525025,6.809836478344761e-06,867.0520231213874,8e-08,0.054682315898512,0.8897278961535426,0.0002105164723923,1.1378342905084292e-06,0.901014690477258
C16_P2_05,C16,P2,5,Medium,12.9,0.1321155289456256,0.0291646341352375,0.051781307552519,0.0516538525881112,0.0556028249439748,0.0021372912990362,0.0024885517167496,0.0007195572958761,0.000628237315791,0.7419984468024844,0.9190416250145242,0.4780554370409128,0.9386728172620288,0.0017105676410765,6.8e-07,6.534170446955117e-07,7.412358604586994e-07,1.931228696247696e-05,1.6207870077429586e-09,2.392999142689106,0.0025133207825337,0.0062062888144035,0.3437738731856378,0.6111535523300229,0.0053112556960122,0.4965622612681436,17.882577589961567,0.0620907898637077,9.486844968010873,-0.9484090831003248,-8.43344026372697,0.3184590654209748,0.4943930221151912,0.051781307552519,0.0841970288660428,0.6595434596044526,161.1444870196559,5.277942747646393e-06,892.8571428571429,8e-08,0.0556028249439748,0.8879792156853414,0.0002040996966996,1.1326500552641152e-06,0.9125769727582372
C16_P2_10,C16,P2,10,Medium,12.9,0.1340318868485946,0.0303461002122679,0.0521103691605932,0.0505793837413022,0.0560569979003289,0.0022087266563148,0.0025198058996438,0.0008286792394967,0.0007875569627154,0.7632423324620957,0.9004748528058399,0.5604294233890851,0.9545807969347806,0.0017550227532907,6.8e-07,6.514448140555685e-07,6.815554924394544e-07,1.8960162721322864e-05,1.520204590665454e-09,2.3254193135493773,0.0025989866790116,0.0063769049960347,0.3437738731856378,0.6111535523300229,0.0055009034282363,0.4965622612681436,18.173097469621165,0.0647903999036829,9.417619242343315,-0.9011578524694648,-8.51395946436176,0.3203309856542537,0.4935962169928311,0.0521103691605932,0.0867432157847375,0.6637131058702365,166.84669453660973,6.358299264085963e-06,874.6355685131196,8e-08,0.0560569979003289,0.8875679991869398,0.0001882196092429,1.1396687782568086e-06,0.9098497041904888
C16_P3_01,C16,P3,1,Medium,12.9,0.1326980853228754,0.0380527167644513,0.049201986572105,0.0448637917370657,0.0530661983577671,0.0025687285167033,0.0019339030581316,0.0010109525119628,0.0007238189083091,0.7867600793115653,0.6925982396864209,0.8358001031599206,0.9773040991440562,0.0017661771458814,6.8e-07,6.616551818984594e-07,5.620760229328355e-07,1.900768380250064e-05,1.5256990428500044e-09,2.568679796484697,0.0024890937270401,0.0063388418948488,0.3819709702062643,0.6111535523300229,0.0053533254394281,0.4965622612681436,22.103882653554173,0.0679744684919388,9.36146604829938,-0.9085020813415946,-4.1970468305550535,0.3268524756926435,0.4815814121021095,0.049201986572105,0.0819709570460628,0.6697522493957291,163.6044502032685,7.607168135332437e-06,281.42589118198873,8e-08,0.0530661983577671,0.8782763581761786,0.0001369110510092,1.1555905204130735e-06,0.8973440957600612
C16_P3_05,C16,P3,5,Medium,12.9,0.1316205856076607,0.0314332759240158,0.0492181386869778,0.0457053318065217,0.0542286560789912,0.0025413674370493,0.0020214298402686,0.0009756126882309,0.0006382550371704,0.8190114817944875,0.7644140622466409,0.7264983268293432,0.919611576018532,0.0017612114111238,6.8e-07,6.593297730653393e-07,6.63489993087969e-07,1.8726591415644248e-05,1.4760439610007935e-09,2.581233479017307,0.0025309223445683,0.0063061209833031,0.3819709702062643,0.6111535523300229,0.0053897191063514,0.4965622612681436,17.978421223570017,0.0702129979238846,9.381883365579183,-0.879000024846369,-8.531964293201833,0.3230072753163001,0.4866462450435594,0.0492181386869778,0.0879395737259797,0.6636229107962568,172.11051717222608,7.685127764335236e-06,895.5223880597015,8e-08,0.0542286560789912,0.8881006410396421,0.0001303248793079,1.1568575640502493e-06,0.9007863833224048
C16_P3_10,C16,P3,10,Medium,12.9,0.1316725529111234,0.03134613292337,0.049346686177703,0.0463604077087131,0.0540447717539514,0.0024057914664913,0.0019847067963685,0.0009732011481888,0.0007330858784917,0.769180964915658,0.7578684952093853,0.8129906816963192,0.9765755480695634,0.0017132104391713,6.8e-07,6.621804459058687e-07,6.113074816945039e-07,1.8046687381085956e-05,1.4227377368000051e-09,2.574727603411985,0.0024917222193327,0.0063101276255332,0.3819709702062643,0.6111535523300229,0.0053666809135284,0.4965622612681436,15.478865133826336,0.0687439969550647,9.44372029377242,-0.7135656964741348,-11.05654887821986,0.3254647556091722,0.4875890033000882,0.049346686177703,0.0865087443719637,0.6679893464846214,174.8253445399372,7.10072835843871e-06,1554.4041450777202,8e-08,0.0540447717539514,0.8901291250659394,0.0001197696078184,1.1625275057145344e-06,0.896143187025515
C16_P4_05,C16,P4,5,Medium,12.9,0.1283506410393714,0.0336043830241162,0.0549999313496192,0.043298854163011,0.0547515113324823,0.0021324934571639,0.0025318620016708,0.0016028681947782,0.0012620008868024,0.603212693043071,0.7639495817674027,0.8218269903088334,0.9462175761536072,0.0017544039020563,5.6e-07,9.4735465820148e-08,1.1263439493503491e-06,1.656671237109687e-05,1.238180789242896e-09,4.69850257801097,0.0024883722280229,0.00627774060084,0.3819709702062643,0.6493506493506493,0.0053312889071626,0.4965622612681436,21.84390603732031,0.0628321677158703,9.699687760995651,-0.9730971442656724,-5.051434020010641,0.3292560152302797,0.478668006939935,0.0549999313496192,0.0875723225094693,0.6774942975249211,203.9096006236506,2.0281730636891637e-05,328.58707557502737,8e-08,0.0547515113324823,0.8971658718414622,9.615291182271816e-05,1.7614347082323836e-07,0.8858630490849705
C16_P5_05,C16,P5,5,Medium,12.9,0.1307683775799128,0.0405334849890011,0.0420477701748629,0.0546033118545546,0.0513213321248075,0.0029585570479509,0.0021639786707061,0.001102589827673,0.0009167849258674,0.8358760909494476,0.7848025513775917,0.9416967729425612,0.9751730178172432,0.0017844418598834,7.34e-06,2.6553683723368685e-06,1.5202314395153838e-05,1.846531339921651e-05,1.6376452807049894e-09,2.881277140074439,0.0024720317481138,0.0062426824813267,0.3055767761650114,0.6493506493506493,0.0052471494203308,0.4201680672268907,13.096963254377211,0.0664117093709584,9.460542163730668,-1.195724952818098,-13.269947262048822,0.3282894219289948,0.4849570842881876,0.0420477701748629,0.085738780169512,0.677407402933845,167.4075043699536,8.3567246607763e-06,2830.188679245283,8e-08,0.0513213321248075,0.8748803433129286,0.0001861518211795,2.207638422898006e-06,0.8924107629935742
C16_P6_05,C16,P6,5,Medium,12.9,0.1345643135487163,0.0506886498402965,0.0547793104620751,0.0497783285161211,0.0525562319915802,0.0044263551239949,0.0027987765700862,0.0011985571288593,0.0008358897764975,0.8412317064402872,0.850885740072856,0.805410945381946,0.8978158318879793,0.0017526011681106,7.46e-06,1.4253909507120628e-06,4.058188897615463e-06,2.4798972573210456e-05,1.967227375343161e-09,2.60347179389438,0.0025529522009861,0.0063525312558017,0.3819709702062643,0.6111535523300229,0.0054207705836346,0.4201680672268907,21.578658239343888,0.0686747028156905,9.203353775042778,-0.5835742860500138,-3.787255014706443,0.3205540465908102,0.4816903402344274,0.0547793104620751,0.083073137423164,0.6664734109313891,128.52971560891817,1.1475680998113114e-05,290.41626331074536,8e-08,0.0525562319915802,0.8332028294209538,0.0001915128090347,2.658219157678317e-06,0.8885825694325767
