instance_id,coal_sample,pellet,subsample,scs_class,Area under FFT curve_raw,Magnitude of dominant frequency_raw,Spectral Bandwidth 1_raw,Spectral Bandwidth 2_raw,Spectral Bandwidth 3_raw,Spectral Area 1,Spectral Area 2,Spectral Area 3,Spectral Area 4,Spectral Entropy 1,Spectral Entropy 2,Spectral Entropy 3,Spectral Entropy 4,Absorption Proxy_proc,Peak Time_proc,Rise time_proc,Fall time_proc,Signal Energy_proc,Area under the curve_proc,1st peak magnitude/2nd peak magnitude,RMS value,P2P,Dominant Frequency 1 peak,Dominant Frequency 3 peak,Absorption Proxy,Dominant Frequency 2 peak,SNR_raw,Spectral Bandwidth 4,Spectral Centroid,Skew Value,SNR_Processed,Spectral Centroid 1,Spectral Centroid 2,Spectral Bandwidth 1,Spectral Bandwidth 5,Spectral Centroid 3,Kurtosis,Wave Energy 3,Acoustic Velocity,Peak Time,Spectral Bandwidth 3,Wave Entropy,P2P-TDB3,Peak Duration,Spectral Centroid 4
C5_P1_01,C5,P1,1,High,-0.790397026418367,-0.7555676230788095,0.7221548987113514,1.3343997058128207,0.9721767130986175,-0.9392851057147453,-0.9028555500981154,-1.5548920919911713,0.7635557361380939,0.47980481657116497,0.892625483069268,-1.0722351895607367,0.5738222980654557,0.8836273272126074,0.12747483808238189,-0.2785050619622459,-0.5406040852698013,-0.739246300050837,-0.9544586708979642,-0.10490770583967403,0.3170053371969962,-0.17201569540013242,-0.6571242908662516,-0.901209435115641,-0.42239856995332914,1.5629631633243277,-0.2299007257979027,-0.6469073487566439,-0.7129521801708135,-1.2277987827496957,-0.5744711441282179,0.5020874183165133,0.4531845623326441,0.7221548987113514,0.13759128507012378,-0.8954135464906126,1.292022301021386,-1.3068098908985888,0.04696786239610287,-0.31627260935794593,0.9721767130986175,0.6412522665156655,-0.5659628216672337,-0.21405152072803263,-0.41673023669155823
C5_P1_02,C5,P1,2,High,-0.7816505682360559,0.020059398326177164,1.3629209021121356,2.2357112193739055,1.6979773090997354,-0.8418653487139188,-0.9066651103405884,-1.9107247649545895,0.9345980600701985,0.7063397670321752,-0.20014432738330926,-1.9987045263920993,0.4423098382181374,0.9442747070528482,0.12747483808238189,-0.35222139464203284,-0.5483197035210385,-0.6637233411322686,-0.8229232562910281,-0.30854530315452094,0.005615888041431877,-0.1923731121989802,1.2512679005747749,-0.901209435115641,-0.5605160403988599,-1.4001752297546692,0.30194784447995765,-0.47265633921816486,-0.8813890239793318,-1.014487067039752,0.0012572988835378516,0.3989982911753206,-0.24255690504190577,1.3629209021121356,0.11865676316188957,-1.0182500713461673,0.8537490294016191,-1.344289260960532,-0.4841728230176705,-0.31627260935794593,1.6979773090997354,0.24514285208725511,-0.528185054492263,-0.29918715886680425,-0.6714182522412454
C5_P1_05,C5,P1,5,High,-0.8558203936752761,-0.8606790663159303,0.6878914005005181,1.5224711747371649,1.3441455698646034,-0.9901136603857756,-1.0595501007976453,-1.3668406842509142,0.6448592639732339,1.0748349463188946,-0.185559126720363,-1.3003887311336757,0.4480415027935165,1.0322084496102977,0.1419257538624619,-0.32051697585111477,-0.6026293402079703,-0.7090521510677159,-1.1137218182319852,-0.14110758795269068,0.21152178377695757,-0.2525790895402695,1.2512679005747749,-0.901209435115641,-0.5287564081573717,1.5629631633243277,-0.24855570482440686,-0.46192390302170727,-0.70829031474762,-1.2338035960430882,-0.5536071807662694,0.8568243877796808,1.1293549280065036,0.6878914005005181,0.15427535469731046,-0.8383967565852556,1.3161290715627556,-1.099135217441284,0.0546631972934354,-0.31627260935794593,1.3441455698646034,0.7032461342340968,-0.635441352270163,-0.2464884671518977,-0.7657073113407555
C5_P1_09,C5,P1,9,High,-0.8407574193487193,-0.23420013805230983,1.3407527543572537,1.4116156663855028,2.035095740086407,-0.9209222489228975,-1.062143462801032,-1.8336467212936762,0.8227982410606426,0.6842350360041095,0.061491573094930495,-1.9738886654740928,0.47395452514924735,1.0317502540285919,0.18527850120270214,-0.2809873425377467,-0.5533358322925227,-0.6874520231835616,-0.9803616382614826,-0.2580369208904605,0.28425249076175074,-0.2573435913442932,1.2512679005747749,-0.901209435115641,-0.5125072939874257,1.5629631633243277,-1.4110599955945093,-0.09419596301235612,-0.7796875638240544,-1.1506271258293321,-1.5889907636998513,0.5506351373354238,0.9647817953049139,1.3407527543572537,0.42929087222282875,-0.8682473813416852,1.0614054597964886,-1.2380548075365152,2.303823838320686,-0.31627260935794593,2.035095740086407,0.44078540156702545,-0.6796501153281483,-0.1749396897312797,-0.8584301043977159
C5_P1_10,C5,P1,10,High,-0.7746831481645713,-0.2264673203580802,1.492669051776306,1.3285107086089594,0.8001592142062608,-1.0315779282116913,-0.8398855913054204,-1.112294122387853,1.0543290765296787,0.07433674864774348,0.8000804150947639,-0.402477287491281,0.9316175221216767,0.900355258071091,0.1419257538624619,-0.2796336588969545,-0.6213602128579067,-0.6974507790332146,-0.9573898006049759,-0.3684082236224169,0.09084616247257862,-0.24305008593235033,1.2512679005747749,-0.901209435115641,-0.5834125194568621,-1.4001752297546692,-1.4788802630923565,-0.1967174393434854,-0.826752128537854,-1.1165913896876207,-1.6180684859287553,0.8249101346148386,0.12153393549176192,1.492669051776306,0.2570143241644287,-0.761832821671575,1.0029015029249317,-1.0390033748571552,2.3652887546240624,-0.31627260935794593,0.8001592142062608,0.46405130708457354,-0.6745913555468674,-0.17399912926167882,-0.3685007463060402
C5_P2_01,C5,P2,1,High,-0.8034469973426872,0.34916878646195365,-0.31714024639116145,-0.8692234021933956,2.113403736905702,-0.8368302104963992,-1.0383943163872638,-1.5508985957973433,0.20087628811305508,0.03923843295333819,-3.331779080656883,-1.21228029380295,-0.34212416905426063,0.956577891137152,0.12747483808238189,-0.3582752849917719,-0.18634509191067938,-0.6750291402187398,-0.7209639580514003,-0.24365902084699245,-0.016865096768147125,-0.22572462482702024,-0.6571242908662516,-0.901209435115641,-0.643238803446719,1.5629631633243277,-0.25258828651286735,0.21216696080359965,-0.8429978659165137,-1.1462128859350065,-0.4939005812299517,-0.5531330662698895,3.1389304316185433,-0.31714024639116145,1.3338671545208411,0.12096405049291441,1.0341368440570609,-1.2293965526028314,0.02443814697379207,-0.31627260935794593,2.113403736905702,0.23811691473790073,-0.8694014369277093,-0.29506865918855946,-1.1742577452159715
C5_P2_05,C5,P2,5,High,-0.8841274270292111,0.17525421033256414,-0.11955055649571104,-1.0348275410632763,1.9975989537771055,-0.7966093380886681,-1.1565158335111438,-1.5359547085489904,0.20968447682856847,1.204413019096829,-3.7114183712920132,-0.832205395173453,-0.04193830807574447,1.0006400591436517,0.12747483808238189,-0.3898392873287319,-0.1836695917853308,-0.6781381134156976,-0.7349714876881525,-0.25713319167688775,0.15410703543018167,-0.25344536259552247,-0.6571242908662516,-0.901209435115641,-0.6321598619669188,1.5629631633243277,0.3975464539468303,0.6097850724621003,-0.7847788936041633,-1.3021276862521003,0.04955365308515593,-0.058762642243211094,3.3459659600313167,-0.11955055649571104,1.7522642513671673,0.09361270488400417,1.2570129407038693,-1.2807549815211012,-0.503775660495865,-0.31627260935794593,1.9975989537771055,0.3364627498643859,-0.5506314453605998,-0.36257069663641583,-1.0111900791182569
C5_P2_10,C5,P2,10,High,-0.744156707775907,0.9326722238029201,-1.5156198381997747,0.5684872272448197,1.8796964464688448,-0.840444934787114,-0.9345767527371236,-1.3414175156431605,0.09260842940980299,-0.27043307192634153,-1.7539174246704146,-0.41737530114972105,-0.7853859899306801,0.9777260132244046,0.12747483808238189,-0.35889349415885596,-0.16709785137372132,-0.6616858328137927,-0.6613818837506318,-0.3892584312706472,0.021240965577104347,-0.12177185819412832,-0.6571242908662516,2.0609942906353282,-0.5856283077527332,1.5629631633243277,0.3446213665125362,0.8325677001616805,-0.7994423629156353,-1.1408317440975289,0.03731701936257088,0.5024492633027565,2.1151239717561956,-1.5156198381997747,1.8911053896830898,0.71056543428498,0.9238024487885925,-1.1873846735337537,-0.503775660495865,-0.31627260935794593,1.8796964464688448,-0.15846905597163846,-0.3143080878085336,-0.2974977109826216,-1.222628022601857
C5_P3_01,C5,P3,1,High,-0.806148618249144,-0.7542505447392612,0.18129004202984628,-0.6973908407278218,-0.8389314326864628,-0.9012077123009798,-0.6597877772659706,0.8781041590781794,0.198714288349513,1.7378579916499548,0.4617275884247335,0.8099402108537107,-1.4369613096857734,0.7180643322679219,0.3297876590035022,-0.33979413842036504,-0.5780508586474876,-0.816604380787102,-1.0704603550832477,0.24867696904874376,0.14353792309926117,-0.14212927499310665,-0.6571242908662516,0.5798924277598425,-0.39285472600771193,0.08139396678482934,-0.07632948076383668,-1.6316637646776273,-0.721693884010302,-1.188195887108596,-0.4510417060773862,-0.09208252532847994,-0.20930692872669698,0.18129004202984628,-1.202794952245766,0.8148559749863877,1.4587134113048044,0.6445751457887775,-0.12452817245873585,-0.31627260935794593,-0.8389314326864628,0.8063718279573777,-0.8024683107136165,-0.27288356486447923,2.0727494516506635
C5_P3_05,C5,P3,5,High,-0.8578831718759721,-0.2907154120092353,0.3810856869103167,-1.7104011955771794,-0.39896181346603277,-0.8671153552510265,-0.5698599743728735,0.7379212562766452,0.3575564399368747,1.1028676475186465,-0.9204232734049362,1.3053701065409378,-0.5883921939419913,0.6561725094667683,0.3586894905636622,-0.2932954913962369,-0.5846832029341157,-0.8290689960695419,-1.045944815658532,-0.056520997139252856,0.10185071256085912,-0.2083991637212997,-1.2932550213465945,0.5798924277598425,-0.5590388482016113,0.08139396678482934,-0.042478942620102836,-0.9441441498228479,-0.7588644647460447,-1.2500709709270241,-0.42056120811532993,-0.6969507652145259,0.4850285574638481,0.3810856869103167,-1.3457674094182626,0.5098125254372557,1.361682898191081,0.3938809729717941,-0.14681103709113016,-0.31627260935794593,-0.39896181346603277,0.6121829307739508,-0.6937563865060656,-0.28709916085267995,1.7177793568716484
C5_P3_10,C5,P3,10,High,-0.7376691476942411,-0.22296763845414486,-0.325372345816433,-1.9653505006257124,-0.47570499649459247,-0.9070311343472799,-0.6974846918965488,0.6665211846400442,0.6524624498036946,0.06993187251488957,-0.7322147770628651,1.128637172106219,-0.638146328569864,0.8329955729270051,0.3586894905636622,-0.24047067518785262,-0.5925164776742396,-0.7959120352912059,-1.1292939506238628,0.007552852506920064,0.08099583166046048,-0.12956831569166977,-0.6571242908662516,0.5798924277598425,-0.5006897564092236,0.08139396678482934,-1.4869307226855497,-1.06375875678207,-0.8414777628250296,-1.289050513848922,-1.6810128648916307,-0.7229309123888613,0.18021727422499773,-0.325372345816433,-1.0997299282796171,0.6186290251898195,1.3505945862290143,0.3535398173865665,2.3652887546240624,-0.31627260935794593,-0.47570499649459247,0.5761787500095081,-0.8273707827444644,-0.27551771099825584,1.6022197589836786
C5_P4_10,C5,P4,10,High,-0.6867152981891518,0.11318355795473206,0.07179505939771981,-0.35100293993837733,1.1285730988048892,-0.8462622298283253,-0.7022889626201707,-1.6112075700339399,0.5405660457713025,-0.43240665150336743,-2.200754217793706,-0.8536000937966494,-0.5830174526453364,0.9461196712468204,0.17082758542262197,-0.24563632670257948,-0.5053199673810389,-0.5326059811744118,-0.5955606267760003,-0.3461449790455146,0.18345394263189965,-0.17244883192762894,-0.6571242908662516,2.0609942906353282,-0.4408634724193668,1.5629631633243277,-1.4312340035441176,0.5999580170743707,-0.966432902007219,-0.9787935914954374,-1.5035709586863113,-0.14961441952732205,2.687664130376746,0.07179505939771981,1.4648373189506043,1.686296841885041,0.8021828082850715,-1.3303143787982943,2.303823838320686,-0.31627260935794593,1.1285730988048892,0.27604266292098656,-0.7339371414113783,-0.3915355498773786,-1.0916144758398123
C5_P4_01,C5,P4,1,High,-0.7643539344755234,0.641258310003964,0.060201585226925106,0.8207827409476334,0.8700018927179372,-0.8715477601709523,-0.8054786709508983,-1.1698114200352008,0.46933066614616686,1.2009402547269334,-2.21142626830315,-0.1678155576476485,-1.382279607152862,0.900559683476501,0.17082758542262197,-0.2792716599643579,-0.12269840286965525,-0.6022227115931086,-0.655140826853508,-0.434373666073729,0.31235203923489974,-0.19540506789236742,-0.6571242908662516,2.0609942906353282,-0.3965477065010522,1.5629631633243277,-0.15478350531444293,0.18990025287153758,-0.9103899365903058,-0.9146845607823219,-0.4298183696506606,-0.24531726186684583,2.334850815782145,0.060201585226925106,1.7407001414968715,1.4087527782413376,0.6445564009029147,-1.050418389651757,0.002708303104935976,-0.31627260935794593,0.8700018927179372,-0.07029925702290772,-0.6901972209015227,-0.385340733847287,-1.4385027005078652
C5_P4_05,C5,P4,5,High,-0.7006594239276106,0.3682135438836961,0.19002855284580647,0.39260446941067256,0.8493874320217785,-0.850072113465393,-0.7029612429396421,-1.3075395426539798,0.3234018633404424,1.5438443150412642,-1.3382343662702203,-0.4602130393101436,-1.4884336088639052,0.9693283207995742,0.17082758542262197,-0.4473874091698617,-0.5647828110806966,-0.5294283466742836,-0.6242133291695444,-0.365099525330777,0.3434578825974932,-0.1932393852541038,-0.020993560385910003,2.0609942906353282,-0.4349547036301555,1.5629631633243277,-1.3899269293970935,0.11700656199312791,-0.9026823157921073,-0.9778939731766562,-1.4955064586197446,-0.34178780919812624,2.133219766013748,0.19002855284580647,1.4991537746372163,1.6785676080736636,0.7519380754242009,-1.146651551517117,2.303823838320686,-0.31627260935794593,0.8493874320217785,0.11107044217911309,-0.9547203598928815,-0.3781210135671838,-1.6474531787972475
C5_P5_01,C5,P5,1,High,-0.6028973557135578,-0.25236989764489437,-0.5362902719910261,-0.9040188586953253,0.5687771597171386,-0.8349176091112271,-0.6798539496315513,-1.294022695988178,0.3811120742844668,-0.2505158223414815,-1.8429283691676257,-1.7679379100873562,0.29359898961818165,0.9768892940191147,0.18527850120270214,-0.05176144348478927,0.5258217567407661,-0.54291172722937,-0.45996978821265955,-0.13005002725000162,-0.17549910496553126,-0.15339082471179175,-1.2932550213465945,2.0609942906353282,-0.683861588871914,0.8221785650545785,-1.1252724471580573,1.0804657174343428,-0.9378253134061402,-1.1221913328310813,-1.167142895081719,-1.479947028697936,2.5052414689599862,-0.5362902719910261,1.704123513433017,2.265497057409789,0.9679161636039374,-0.8754525789584816,1.2485526849193467,-0.31627260935794593,0.5687771597171386,0.35162530971046074,-0.5394320120384506,-0.35089146348765915,-0.5031529597936086
C5_P5_05,C5,P5,5,High,-0.6924271557520626,-0.4485396169913478,-1.8657765600828042,-1.114291539485906,-0.03018747557868514,-0.94392772150791,-0.6473552643122955,-1.4375205156580846,0.09677940540144066,-0.6769109148728204,-1.6671671022696608,-1.0572349994187014,0.14007401821718243,0.8843173064168441,0.18527850120270214,0.05656375142225769,-0.09949144511056848,-0.669921101176339,-0.6297849231831996,0.011999220560769413,0.09634479543614374,-0.13346654444044048,-0.6571242908662516,1.3204433591975853,-0.5509142911167496,0.8221785650545785,-0.20688832925120773,1.4687730476830538,-0.6957061519901956,-1.199783274617905,-0.4722967920440299,-1.8523186443015887,2.414855721507505,-1.8657765600828042,1.7397784588566185,1.9919918244589292,1.2185586276727356,-1.1819683914678147,-0.011354675773153994,-0.31627260935794593,-0.03018747557868514,0.5297683216504364,-0.6309244245924234,-0.3489947320073531,-0.21193752966672133
C5_P5_10,C5,P5,10,High,-0.8065457004623949,-0.5711768890361446,-0.22781844302079984,-0.6181868166479919,0.7483170460836728,-0.9342734002890923,-0.7055918966898115,-1.2277869813501898,0.25222294531585915,-1.1963609480131612,-2.5464405771112304,-0.4480950837632333,0.10633493017224503,0.8487437496489812,0.18527850120270214,0.2457172790665056,-0.7096279714118452,-0.6586372499235312,-0.6036293777607056,-0.05748553413670357,0.21343185546086735,-0.22312580566100018,-1.2932550213465945,2.0609942906353282,-0.534665176946583,0.8221785650545785,-0.15600862474678084,1.4625092762571612,-0.8254993979468637,-1.2205421963822718,-0.44315177988557064,-1.7487914431768998,2.2825409683405162,-0.22781844302079984,1.7931314538596037,1.65811852438485,1.2189123995622235,-1.0881839896034244,-0.025092499070247652,-0.31627260935794593,0.7483170460836728,0.5464020436109087,-0.5333074431686494,-0.35484399080654,0.07092515759711335
C9_P1_05,C9,P1,5,High,0.8346880893444659,0.4447882204576337,1.8881537575714258,-0.3987132433199594,0.2235070634473418,0.3449369767855446,0.46408745040759347,1.206149608594921,-0.2485050350697417,-0.06755054153952697,-0.490319440600929,0.7967194506281986,0.893350163123395,-0.4760830749220334,-0.9635693033136594,-0.23136307857418037,-0.6164305528550235,0.38258373585909583,0.5257503558408144,3.1429678061763275,-1.473816358410286,0.8436894619065809,1.2512679005747749,-0.16065850367789816,0.40482906052304984,0.08139396678482934,-0.1529326504890034,0.10224640726972103,0.09459214135921867,0.8445528034044146,0.36950114936610967,0.11469229172395828,-0.6916806570759106,1.8881537575714258,0.6599622862728931,-0.3397065916897848,-0.4809183746157243,1.11627244355414,-0.5666451968939992,0.9144403705349325,0.2235070634473418,-0.05354042345520019,0.43073341961417694,-0.4603957098315571,-0.36447094877353
C9_P1_10,C9,P1,10,High,0.7771278182061319,0.5245731380525077,1.9151192298074695,-0.8014831139027009,0.3734701721461632,0.28057823242150004,0.3688992482631791,0.7728199951420043,-0.617454126583013,-0.20897514485136373,-1.0100999060720137,1.0394390342937916,0.4009341831232963,-0.33985030458352145,-0.8913147244132593,-0.40970710602356786,-0.6718266276032298,0.27626975413551563,0.421301436658808,3.2679596939927253,-1.3341958216181182,0.8142361780273116,1.2512679005747749,-0.16065850367789816,0.3649448711964792,0.08139396678482934,-0.09588537987198376,1.249158617311519,0.2178533065944427,0.7472633564118214,0.3503350621168882,0.20924489424763815,-0.5995420297532816,1.9151192298074695,0.6480790119029992,-0.1523048337622656,-0.42278895742126077,0.54412510884896,-0.5725065968391636,0.9144403705349325,0.3734701721461632,-0.04507396248452145,0.19409475126405684,-0.47304975122893733,-0.3742888897786672
C9_P2_05,C9,P2,5,High,0.48251250346280566,-0.07993407039056122,1.4020214917640617,1.201072670477265,-1.0524914918970099,0.23727802292174308,0.31773201417745106,0.6487127188279358,-0.07365138375946721,0.5989185716427694,-0.6562781254868322,0.22288186043023245,1.1843196938547311,-0.47260189562687294,-1.0358238822140595,-0.37632284403748534,-0.49328324244291843,-0.020275673468672675,-0.10195195451267358,2.9588080784736954,-1.126840916362819,0.7691899791532193,1.2512679005747749,0.5798924277598425,0.49493778455714826,-1.4001752297546692,1.183317480000242,0.4489840521898109,0.10846825641189023,0.8372022077898646,1.326309127062005,-0.08492584394282109,-0.24619296885553218,1.4020214917640617,0.5115439580912484,0.5130330537857877,-0.04719741738737335,0.5086744344462322,-0.994627941628713,0.9144403705349325,-1.0524914918970099,0.33147247415545616,-0.6622796547675117,-0.8679847123965316,0.03876936065287195
C9_P2_10,C9,P2,10,High,0.5953605911775511,-0.01383158277483995,1.682312728819045,1.1685542512159173,-0.9288289320993147,0.12512085399715944,0.31357243015152725,1.1079865002150822,-0.0879040368069934,0.1461345690933116,-0.6315632567347589,0.4280615641729647,0.6138725975834507,-0.4053144621885725,-1.0358238822140595,-0.3735893825531782,-0.5743885998825863,0.004886917462296037,-0.13237656733610362,3.290117316733858,-0.7869662788940261,0.828529683439385,1.2512679005747749,-0.16065850367789816,0.5340833777850965,-1.4001752297546692,1.3446000737238362,0.5066118319635631,0.204620664617042,0.6554257596921227,1.4075481691348444,0.008754388826507201,-0.2828553814305937,1.682312728819045,0.6096884347208942,0.5924701422298746,0.023290708932244362,1.021611810890166,-1.0122197366369265,0.9144403705349325,-0.9288289320993147,0.3594065357220468,-0.8178640312077383,-0.8697694059129644,-0.7440300924322868
C9_P3_05,C9,P3,5,High,0.7468509271613557,-0.25979805117202426,1.4127592927236834,0.39754899885339023,-0.9985389815841329,-0.37652342880185097,0.061268242572361596,-0.0302339144624407,-0.7130651263812576,0.07356382304027463,0.9087786457547986,0.28204020498031845,0.8647735137299152,-0.33305024625712426,-0.9491183875335795,-0.1676482608911347,-0.617896969776842,0.15848568794135176,0.08153141530601452,-0.41690612448800946,-0.9637102249828724,0.9129913063282928,1.2512679005747749,-0.16065850367789816,0.6537359457645877,0.8221785650545785,0.9748984490691077,0.9611204985040682,0.21926247720932227,0.7680948029956527,1.1773552017285713,0.6135191095735897,0.2043513970301513,1.4127592927236834,0.459369019144259,0.058170812154110046,0.035248709889021165,-0.2269982056183547,-0.9527711500252716,0.9144403705349325,-0.9985389815841329,0.47673926046575393,-0.03692222529940047,-0.5960465551177467,0.06057550794133223
C9_P3_10,C9,P3,10,High,0.563046159146113,0.12142686766193507,1.0689260550689492,0.35777202603730757,-0.7096431559063856,-0.23604103957162223,0.04443670455755335,0.005764458974460316,-0.9292464145854153,0.4952292168226918,0.25924885257060093,0.8825493465637041,1.0472182606065927,-0.45603133429468823,-0.9491183875335795,-0.6787621968135044,-0.6598467196859737,0.05374369060378857,-0.040276568424551504,-0.36498843557694094,-1.0306627970625253,0.8142361780274421,1.2512679005747749,-0.16065850367789816,0.5939096617749533,0.8221785650545785,-0.06067957915663194,0.6579792550175687,0.1488120500521342,0.7991405160601562,0.2293804204973124,0.5750733252609009,0.5215197485381946,1.0689260550689492,0.40822137002564723,0.2198659387870493,-0.07742211137549955,-0.2829652457925274,-0.5483846816802175,0.9144403705349325,-0.7096431559063856,0.3182688324779451,-0.2915012576467058,-0.6218934678032706,0.08721583788847352
C9_P4_05,C9,P4,5,High,0.8342936391680111,1.055036861777002,-0.07142616454820741,1.8582812704343359,-0.032787589962738846,-0.20303059689392403,0.45363492436959163,-0.8685140378834828,-1.257192928312223,1.1097547918523067,0.16739635747884793,-0.08208096692799821,0.7536899597574414,-0.4888584460633108,-0.9563438454236194,-0.19761532861925984,-0.6663964279706357,0.3265251209264913,0.17738601884436414,-0.6374667714523706,-1.3602678367076666,0.7826172115099082,-0.020993560385910003,0.5798924277598425,0.28000631985296975,-1.4001752297546692,-0.29972657158359456,-0.20057829045228465,0.07592768732322518,0.7190532063341333,0.19329426927252408,0.44226135626655005,-0.3684000709256463,-0.07142616454820741,0.508968053004308,0.4179183229063978,-0.6559643741023223,-0.8106894550893236,-0.49165195439001314,0.9144403705349325,-0.032787589962738846,-0.32423967331635184,-0.346406054524617,-0.14902665955463856,0.5885689421469866
C9_P4_10,C9,P4,10,High,0.8001717712334043,1.3004497913387199,-0.2756263474739354,1.8487419833341177,-0.6006884393303487,-0.019556922319076377,0.4430343799230071,-0.7904798380156145,-1.405660715208675,1.04321742909155,0.21546798499315936,0.02487375993431437,0.8186664924386279,-0.5452335657142864,-0.9563438454236194,-0.19559839184648728,-0.6204634506823096,0.35436309836836244,0.17608662792393215,-0.7363161491643682,-1.005345535314114,0.8302622295500215,-0.020993560385910003,0.5798924277598425,0.5606728373362164,-1.4001752297546692,1.0434152378435109,0.3457538792964478,-0.011164121461671903,0.7776916668296834,1.3203046795147548,0.2379180055772765,-0.1961118122925546,-0.2756263474739354,0.5273647482877778,-0.028057859931097783,-0.6844063207834603,-0.8409988991514952,-0.9877858661553266,0.9144403705349325,-0.6006884393303487,-0.4609478320585531,0.09964971632573641,-0.5885865545418891,0.622299069657844
C9_P5_05,C9,P5,5,High,0.7215696578723496,0.013851520278577674,-0.22751476721765487,1.8418679344810145,-0.7365496033216599,0.7684222812668255,0.9352167622883686,1.777063674646129,0.10760756865998507,0.8754801572544536,0.3027030379862049,0.7120136607689491,0.6837245937150006,-0.3212472177175375,-1.0358238822140595,-0.3757337689140344,-0.5714924776048378,0.17211714350534926,-0.03564371058568516,0.961284466536877,-1.3467173495097666,0.7839166210929187,-0.020993560385910003,0.5798924277598425,0.3169361247850469,-1.4001752297546692,1.1485770551029812,-0.12480648120719054,0.2709370199656623,0.813289844928066,1.4205845567197586,0.27189045581677684,0.16459160924043917,-0.22751476721765487,0.7284793993732153,0.6113850335726255,-0.28037592359085606,1.855512848035641,-1.0144411919754435,0.9144403705349325,-0.7365496033216599,0.21933259374780373,-0.05725615445373623,-0.8475452028188573,-0.3859168747858292
C9_P5_10,C9,P5,10,High,0.7998230236291302,-0.40123312652250737,-0.36246661249120393,1.9089016405446955,-0.9693574296092502,0.9399918003262467,1.0157026225591734,1.9368434480894041,0.03733190321398203,0.6656525427702006,0.2824283654482239,0.3540619980319896,0.7528895257430103,-0.3423645705483297,-1.0358238822140595,-0.37488043183849584,-0.6151883611615406,0.2751333678385886,0.16207133454761197,1.1245889836256493,-1.102239369016599,0.8826717493938988,-0.020993560385910003,0.5798924277598425,0.5385149543768385,-1.4001752297546692,-0.15272255637504537,0.1886480500137146,0.23727846883417433,0.813960926387212,0.2484564713927805,0.7779322255757753,0.10747646590404178,-0.36246661249120393,0.9403105584241158,0.5743290252924508,-0.19535994835352827,2.198947896533754,-0.510852617076976,0.9144403705349325,-0.9693574296092502,0.2751982610208269,0.3845778957564047,-0.8502200194716825,-0.3571920822608048
C10_P1_05,C10,P1,5,High,0.6417628717726707,-0.5803072962063369,1.0913719281163021,0.8783969286532943,-0.26208079421998726,-0.06795152127445933,0.5265196275510695,-0.19752931347898667,-0.6863018437712766,0.3409944128738817,1.006960549698792,1.3009959601925083,0.9450308321419654,-0.35735075386153475,1.832682900131824,2.2267669088614803,-0.5764283126722771,0.04926112034983834,-0.007906476166175841,-0.04464115742534762,-0.8151617234077135,0.7800183923441479,-1.2932550213465945,0.5798924277598425,0.525220224601388,1.5629631633243277,1.1165604175028263,0.5399380057875074,0.34536670024497246,0.6470613567488549,1.228714339196126,0.2244075331788937,0.2601721513715513,1.0913719281163021,0.5524100464036129,0.4967364268925201,-0.0805756108856815,-0.5087007503776236,-0.9713583985010187,0.9144403705349325,-0.26208079421998726,0.4647912669028936,0.07687426338840198,0.26707460928849647,-0.26387813177797376
C10_P1_10,C10,P1,10,High,0.6590266179597133,-0.6553011998620378,1.0125047026976337,1.0533754782767728,-0.4945649076146503,-0.031285507823655016,0.3600845058052183,0.2655937911250392,-0.9951622396219135,0.5544117651669047,0.9801814740295383,1.035674959120466,1.1474472394354653,-0.3809287798887864,1.832682900131824,0.7205788315926367,0.2413221292890502,-0.003930486578544419,-0.12719863222674943,-0.0067931144851515425,-0.6774539328936877,0.7821840749821516,0.6151371700944316,0.5798924277598425,0.5591956451387472,1.5629631633243277,0.7380848158259641,0.6216699540470888,0.4608809890002761,0.6204053411724809,0.8416587777898377,0.39732007152522947,0.22716766976554462,1.0125047026976337,0.20175913981545007,0.43814205120039074,-0.01827671746785527,-0.045032480360334144,-0.8708689260867108,0.9144403705349325,-0.4945649076146503,0.5307147912111082,-0.06717531910025225,0.27012408181071296,0.0165921311044011
C10_P2_05,C10,P2,5,High,0.7363708684479761,-0.9364495476105317,0.050686133078075506,0.4501381969054412,0.48918018192531265,-0.015630613732306738,0.4803533094105447,0.2796227168297338,-0.4328259317025988,-0.6942415752702954,-0.011875911600445025,0.9784147619214119,0.5511309420769208,-0.10180433409826671,-1.0358238822140595,-0.3756902610499463,-0.6063405127669217,-0.03729501849325427,-0.34726341485721135,3.7728214407857004,-0.9323026925763679,0.9316161770168923,0.6151371700944316,-0.901209435115641,0.593171065676329,-0.6593906314849209,1.3851215699018005,-0.1514484451191195,0.5633458782777769,0.6564888492761705,1.4568520189458898,1.3238335664461507,-0.008542504550493643,0.050686133078075506,0.9114032202320442,0.023825245035672633,0.2594156801027251,-0.022659345318744917,-1.0289175562667523,0.9144403705349325,0.48918018192531265,0.6941750103190691,-0.33416877516789,-0.8836883709072961,-0.4265490452030341
C10_P2_10,C10,P2,10,High,0.589473902604842,-0.8823101106773736,0.4380161573888884,0.34854317419804975,0.3045827238277442,-0.07368309671770222,0.3007702122180553,0.5413422224266543,-0.5585629120072343,-1.0785493067400886,-0.5002700311913516,0.8943189067047872,1.2041086911321242,-0.385746543427911,-0.8479619770730193,0.07750973793237029,-0.6856242014720703,-0.16965361840872667,-0.251297398434307,3.3418770417111427,-0.9649898484443162,0.877474111062248,0.6151371700944316,-0.901209435115641,0.6086815837476507,1.5629631633243277,0.8747365433220412,0.16000658554528277,0.6083161060146706,0.7441953771637531,0.9531246924272199,1.1110882871569834,0.6325869803821884,0.4380161573888884,0.26922309039278536,-0.047032707286580225,0.2184111549351513,0.26273168417675025,-0.9220766460278252,0.9144403705349325,0.3045827238277442,0.6308647453626303,-0.01807680751805512,-0.5846510859926823,-0.13349806164093755
C10_P3_05,C10,P3,5,High,0.6497385171922998,-0.9083976318970658,0.061222393317393625,0.40256597598087684,0.46189894159762834,-0.5002422326540221,-0.2449789205666618,-1.2861362006691965,-1.332613224687291,-1.6154322569657609,0.09766089187962605,1.3684773849009277,-0.6597680976867066,-0.3498273980216413,-0.9924711348738195,-0.25885044633317633,-0.6425567629826499,0.052567288580590316,-0.1996801286539599,-0.6375713426198397,-0.9524399985837462,0.8060065840022737,0.6151371700944316,-0.901209435115641,0.5052781299381035,-0.6593906314849209,0.047537967269479994,0.004223735269581772,0.35671472856498654,0.6941066976156818,0.30838891994254397,1.4437922474731146,-0.4846341372826457,0.061222393317393625,0.2962121869590294,0.19791986188128938,-0.1251129397917847,-1.3010062528912176,-0.6414263544361525,0.9144403705349325,0.46189894159762834,0.40036999987599314,-0.14113894503072,-0.1488278524363735,1.2492661511122904
C10_P3_10,C10,P3,10,High,0.7180622730667223,-0.9821862033761216,-0.3480039550712171,0.6365475602626387,-0.233127399416256,-0.44334686595948225,-0.06214607459847648,-1.522912855110441,-1.144974906432879,-1.7906797987859198,-0.45935358817487115,0.8168584372762329,0.6441273032597639,-0.40491015648846745,-1.0575002558841795,-0.3890865487449047,-0.5923536845006023,0.012575555100093911,-0.26406530089338226,-0.6688803634650947,-0.8909924070925089,0.8233320451078636,0.6151371700944316,1.3204433591975853,0.6241921018191929,-0.6593906314849209,-0.09117424220048917,0.7063134483068382,0.4707989093858334,0.7594198930117314,0.155716869859168,1.5387752912159645,-0.6594511491184323,-0.3480039550712171,0.4556458417754549,0.0006948161411714259,-0.12757112143836444,-1.4061415341555663,-0.5606732044970391,0.9144403705349325,-0.233127399416256,0.45666275509188087,-0.22453719760266955,-0.1484060171805588,0.4863256372012704
C10_P4_05,C10,P4,5,High,0.7052938675282938,-0.7448543176178788,0.22972485912704751,0.8252011304567831,-0.6268232923020659,0.38941838882886654,0.9185722404024954,1.282713419610071,0.2030609775292413,0.83305695373664,0.5175225886718873,1.0662643789376385,0.774547906047289,-0.4172207979121285,-1.0358238822140595,-0.3753333730677117,-0.5948483892283873,0.13830762821849787,0.15144757782737758,2.338730467202009,-0.9715239194482213,0.7063851826460394,0.6151371700944316,0.5798924277598425,0.451360614737458,-0.6593906314849209,0.7197143966471568,0.586949367885096,0.21956048660592356,0.8360351271984461,0.9442407315447882,-0.03604435985113671,0.06484373234843915,0.22972485912704751,0.7644228121259282,0.648882155636686,-0.23464095937240467,1.079519985680493,-0.8880153276297963,0.9144403705349325,-0.6268232923020659,0.4242015740896259,0.45890855391877483,-0.8484429581007352,-0.604295719501967
C10_P4_10,C10,P4,10,High,0.7146784657184935,-0.8549716649340612,0.028498185455058028,1.272485676484545,-0.5252505939037174,0.47574651269209983,0.7031616371207232,1.046309401676489,-0.06338188587819645,1.1464660111461071,0.376699618089822,1.0901892831069055,0.5848079614361664,-0.32463788359745027,-1.0358238822140595,-0.7317583716700664,-0.5244681375623319,0.034945520098229474,-0.016477718655604223,2.6995769077173355,-1.0696726772175458,0.8328610487157817,0.6151371700944316,0.5798924277598425,0.5038009377408549,-0.6593906314849209,0.1397845883894951,0.01435466936172015,0.3594476317475652,0.7962129115792009,0.4084815228441304,-0.06757819480802327,0.10679019498939771,0.028498185455058028,0.547954928826631,0.1324899401224903,0.005445291067358944,0.7973399768140591,-0.6621022817152492,0.9144403705349325,-0.5252505939037174,0.5568769469660674,0.40279955478823,-0.8477951040889986,-0.5993676625416796
C10_P5_05,C10,P5,5,High,0.702156426482899,-0.6285948585479114,0.27779003330385155,-0.6568787295128223,0.5364149824036717,0.18828767151342335,0.2157338873827465,-0.6234215832666867,-1.359668176171122,-0.4872160829162479,-0.6834625304041152,-0.8919356225782451,-0.021335455104529607,-0.4493063822739725,-0.9563438454236194,-0.20793998157790575,-0.6446321429652722,0.21817922385149446,0.05187750835964131,-0.40604047340176636,-1.0655410965336558,0.7865154402588094,0.6151371700944316,-0.901209435115641,0.5008465533463596,0.08139396678482934,0.7225660043721348,0.34679593570906037,0.23192092615150128,0.767749503079641,0.9976447725225607,1.1876924729782947,-0.2092631413141292,0.27779003330385155,0.5049409482211024,-0.8171145417039285,-0.24121587001451705,-0.669013573288118,-0.9051792702486291,0.9144403705349325,0.5364149824036717,0.3634915514083348,-0.4206891626698801,-0.5713748966540072,0.7722107437673005
C10_P5_10,C10,P5,10,High,0.6326006215403919,-0.3951385955763661,0.11026105518332995,-0.6948671029948515,0.9613753835761674,0.0944084338413048,0.11674689564712146,-0.33707104981203007,-1.5149201330895523,-0.28627201840204325,-0.6349855272427852,-0.5724069421564212,0.9039209335786023,-0.451658199126638,-0.9563438454236194,-0.2074739368153235,-0.6948016716920837,0.10962855970253722,-0.02191548198583157,-0.37488239179316096,-1.057944478273651,0.7895473959521966,0.6151371700944316,-0.901209435115641,0.46982551720349564,-0.6593906314849209,0.03397118841490432,0.6752202720372732,0.24364763143657672,0.7091400383424148,0.3416927213314014,1.1556449209932955,-0.2720315474351149,0.11026105518332995,0.2810617078910797,-0.3795829803557052,-0.16165544432108267,-0.3712010230437069,-0.6157596860896877,0.9144403705349325,0.9613753835761674,0.36728095120891946,-0.3303091086415029,-0.5686628549205999,0.4338113976849921
C10_P6_05,C10,P6,5,High,0.6639017472689284,-0.7564993553667283,0.5132166881491075,0.342917278228387,0.5943170137272161,0.1288401219363835,0.3305424855849248,-0.6232816985509552,-0.822700326482946,-0.9020247648377283,0.17010357501713438,-0.45590873966731804,0.9918243147420619,-0.22463484096902486,-0.8913147244132593,-0.019465198259532357,-0.5259518313897332,-0.10753029313012526,-0.3276327561736105,0.04782896202193557,-1.0167275184672904,0.8081722666404079,0.6151371700944316,-0.901209435115641,0.43732728886338307,0.08139396678482934,-0.3963280901664729,0.3727299852718589,0.5878721107818324,0.6750871832489476,-0.13918676732378613,0.886251666775549,0.14358836232557226,0.5132166881491075,0.3031706385948948,-0.43033868321039187,0.13915262174934173,-0.6723918263172368,-0.3386466736032792,0.9144403705349325,0.5943170137272161,0.6699183249901473,-0.5517210714857557,-0.5816462086471742,-0.2614332532023705
C10_P6_10,C10,P6,10,High,0.4048608977246649,-0.7354301050961828,0.3159643609390295,0.12517443923422064,0.44279678013075935,0.1662750524522756,0.3077206545067287,-0.4272419386400572,-1.1571846890230715,-0.9162761722052453,0.4011783838886006,0.2493414588562191,1.0777048144983454,-0.3560084959632512,1.7748792370115039,0.11632226884589981,-0.16334598941492579,-0.09769455590856076,-0.22786564373652893,0.0017036271750234075,-1.3515574767712253,0.7509982449926351,0.6151371700944316,-0.901209435115641,0.3782396009721505,0.08139396678482934,0.02549343765288071,0.3647233587945357,0.30394070420791786,0.8026632000184005,0.3134082908722646,1.1855226278128235,0.23485531409016508,0.3159643609390295,0.43988212266354815,-0.25902602402542624,0.10441625169793349,-0.5861126929167318,-0.633651284289417,0.9144403705349325,0.44279678013075935,0.5553317116659447,0.090383763936472,0.4522404875266303,0.1368583052257096
C12_P1_05,C12,P1,5,High,0.7259811547311537,-0.6257333069455207,0.07150860461121282,0.4222188826924993,0.26779452164333784,0.09660058298037193,0.32253864428596185,0.16634589458123583,-0.023742338560342413,-2.0157459274232448,0.4855344946123858,1.0496766877335209,1.2117215601268632,-0.33341414756810606,-0.8479619770730193,0.10626675258252699,-0.6006103192556139,-0.08902566825011086,-0.22433693757999812,4.257207423498596,-0.9837713533693561,0.7791521192888938,0.6151371700944316,-0.901209435115641,0.6005570266625664,-0.6593906314849209,0.10218050757616778,0.18106814386148645,0.6057996178503607,0.8692294048296253,0.3050196756702454,0.7393710083887761,-0.1891013750050392,0.07150860461121282,0.881136843925296,0.04541749613583124,0.0033978916869810546,-0.14648627784314433,-0.6414263544361525,0.9144403705349325,0.26779452164333784,0.6348486708283859,1.1594469733327666,-0.5884687000668805,-0.10704009795041419
C12_P1_10,C12,P1,10,High,0.7887870839494451,-0.6156317484774654,-0.4354733765087957,0.7642602957324086,0.29653172791269344,0.1362196819120116,0.18941250885414898,0.19863063474997938,-0.5509843390362148,-2.1420415996986426,0.3226433788170959,1.436677793870633,0.8263024355247655,-0.17124606229179393,-0.8479619770730193,-0.3613286818135091,-0.7524503923405127,-0.058194635102951746,-0.1014387045919465,2.92029210803348,-0.9499000671827863,0.7995095360878721,0.6151371700944316,-0.901209435115641,0.5651044139279604,-0.6593906314849209,0.8270310752201424,0.4954708349148849,0.6382727385890931,0.7831620353755008,0.9554970956174358,0.9274581042742172,-0.3526648777089663,-0.4354733765087957,0.7761989075228655,0.3506014493170486,-0.031618423664476945,-0.16440286953636174,-0.9134749637901259,0.9144403705349325,0.29653172791269344,0.6069975697371505,0.8667785191468608,-0.5792711782731532,-0.6126557398873778
C12_P2_05,C12,P2,5,High,0.9848218471850939,0.22114268599700077,0.8626746654259821,0.7102695298682673,-1.7413595676757814,0.5147721366975735,0.6674468430196462,0.06664714632048564,-0.5191110486007763,0.6953130821973192,0.7710142008510498,-0.6950655100786012,1.047722514428036,-0.32345156307965617,1.3124499320489436,1.8993714214199748,1.3312554554970466,0.23393189943441386,0.2778113595245093,-0.3104271969010556,-0.8368559959365638,0.7895473959521966,1.2512679005747749,0.5798924277598425,0.5665816061252071,0.8221785650545785,-0.07848139736810775,0.4796992449753837,0.4972074201189599,0.7331611578435271,0.2423606693970956,0.4444608998211307,0.05450577632090239,0.8626746654259821,0.4834540483176082,0.3844497218899634,-0.39495892020459666,0.015160386876950592,-0.5312454261725451,0.9144403705349325,-1.7413595676757814,0.28174514101137754,0.4832534784889144,0.32604170180390063,0.3098647935966021
C12_P2_10,C12,P2,10,High,0.8905396591279577,0.23337688568938675,1.20287936343643,0.6694396413238642,-1.9759376563763444,0.510646088768525,0.6681495637083207,0.15185174881802638,-0.8556980258191926,0.8190228859405553,0.9750379596709174,-0.6852820590655941,1.1086195848988178,-0.26724760478292553,1.3413517636091035,0.5650383691933665,1.316739121949231,0.301146810263655,0.24669689271615403,-0.3487398857069216,-0.8304455832510235,0.7570621563794095,1.2512679005747749,0.5798924277598425,0.5038009377408549,0.8221785650545785,0.7134619894602222,0.673637585817032,0.4555461493313989,0.6692741051583605,0.9703085226479874,0.34313517919624276,0.014092036110865663,1.20287936343643,0.6306799836217806,0.42619735358183175,-0.41484953287012166,0.09972078730116012,-0.8875365855970128,0.9144403705349325,-1.9759376563763444,0.20026683465611622,1.0251562382210815,0.2855348490483337,-0.24550210069370243
C12_P3_05,C12,P3,5,High,0.5553134323706845,-0.8278318370978613,0.13719806543464594,-0.4658122447560089,-0.3305204970683201,-0.22551037417528313,-0.06310458250165231,-0.15640212181864496,-1.2290499621359097,-1.8010055588779206,-0.27900923177694564,0.5276348065279581,0.6116796642124518,-0.24591799123190852,-0.8479619770730193,0.07849642036863759,-0.6547711335915812,-0.1253269592040334,-0.42455690704251875,-0.023272027010965726,-0.5712638981919385,0.8558172846805201,1.2512679005747749,-0.16065850367789816,0.6877113663021696,0.08139396678482934,0.7451222387098478,0.6811092300375804,0.6341846621403101,0.6078288810898381,0.7747496191291716,1.8019448258019317,-0.4261072681662833,0.13719806543464594,0.3814450437095174,-0.4980819256342148,0.3822601723748012,-0.33199483697335247,-0.8581587215617422,0.9144403705349325,-0.3305204970683201,0.74142113475368,-0.4109910600236994,-0.5846062945953844,0.8365913534969901
C12_P3_10,C12,P3,10,High,0.5235885064235097,-0.9278191294984686,0.17134695125584987,-0.16253418301812458,-0.4471365304566876,-0.18102203495099708,0.1618969414141269,0.19079363830169854,-0.5165232472324146,-0.7543462600255554,-0.1345950768457826,0.3720220875582302,1.1474428826231056,-0.3165288054149762,-0.8479619770730193,0.07778496775255807,-0.6315971903742322,-0.08540192575660879,-0.38147089894674685,-0.1896798553150396,-0.8423628395633616,0.7956113073391015,1.2512679005747749,-0.16065850367789816,0.6397026198905147,0.08139396678482934,1.332889680943674,0.5555332165111425,0.3140482757521348,0.8079486057932259,1.3710538305504163,1.319080095818841,-0.6435557535596697,0.17134695125584987,0.3885538969617441,-0.6654493035602459,0.16840528300050683,0.034041329938349484,-1.010474330171984,0.9144403705349325,-0.4471365304566876,0.6588934703501139,-0.3040820480234432,-0.5627783408656314,0.42318267675793897
C12_P4_05,C12,P4,5,High,0.8776500977943472,-0.0171866870870087,0.7520243016472952,-0.2579256569459127,0.668837243027604,0.0020051321940652007,0.30105362764720156,-0.760485285380031,-0.6374264714928428,1.394262465258758,1.1274562161622743,-1.0518766244290534,0.5755250870906808,-0.342758680384614,-1.0575002558841795,-0.3890865487449047,-0.624782484054588,0.34317750167372496,0.09293587336957199,-0.7892910444659175,-0.689783202870899,0.7535970641583952,1.2512679005747749,-0.901209435115641,0.6116359681423666,0.08139396678482934,1.279776738611631,0.2089486519813358,0.11217867852158281,0.7137283820210946,1.4598477226521762,0.6135363432880904,-0.2747906508072621,0.7520243016472952,0.5700124514177545,-1.0391652452298916,-0.501107487269553,-0.6369283640318137,-1.0196914367654186,0.9144403705349325,0.668837243027604,0.20627071396437574,-0.12621308949895282,-0.35555226001927404,0.8670479267403107
C12_P4_10,C12,P4,10,High,0.9311526108624084,-0.06407702826941249,0.9283855161017024,-0.3530841382057106,0.0859944036069607,0.0676187473751242,0.24546967063192504,-0.8199141623856566,-0.8806101824092257,1.440341260086446,0.9643597371783139,-1.183334621352555,-0.49339369210753886,-0.40605813237498634,-1.0575002558841795,-0.3890865487449047,-0.578562605390758,0.36168100127696184,0.25888914183198763,-0.7523315289587722,-0.8727969000105201,0.812936768444561,1.2512679005747749,-0.901209435115641,0.5776605476047867,0.08139396678482934,1.29594151299509,-0.23821842321846948,0.2051661267641017,0.7028322421870209,1.519274967735075,0.3163152106177649,-0.37854303622538366,0.9283855161017024,0.7043843639855387,-1.2878079797229949,-0.46287376608197783,-0.6709917128444423,-1.029632028378489,0.9144403705349325,0.0859944036069607,0.2128687376500934,0.01987593074340921,-0.24985087828835875,1.606261285861009
C12_P5_05,C12,P5,5,High,0.5562418554299776,-0.7989653344052735,0.19054286566287856,-0.8244511653597265,0.7843120752876959,-0.08932604761818032,-0.3332247601264184,-0.6423218642157991,-1.545435016940872,0.5386954301830218,-0.10968853614271236,0.20076363198841188,0.741182646538279,-0.3296453686051994,-0.8479619770730193,0.07689527310112124,-0.6562723269768158,-0.1607855782679073,-0.2312218120246083,-0.32482075205808564,-0.649749897163185,0.7800183923441479,-0.6571242908662516,-0.901209435115641,0.6581675223565523,0.08139396678482934,1.0581921795282798,-0.36070247372209857,0.4452033105450873,0.7130874449089026,1.0538975965536403,0.8535157273404894,0.2346922000194576,0.19054286566287856,0.4471459002432955,-0.08255641905770031,0.0723113299119394,-0.7269987858048735,-0.9488084733187229,0.9144403705349325,0.7843120752876959,0.5803671587139431,-0.18164120076485393,-0.5565933604649717,-0.029772329364536325
C12_P5_10,C12,P5,10,High,0.6497125480053473,-1.019962155837788,0.2243462876568988,-0.8370951068918611,1.0364130738758546,-0.14667383886121665,-0.33857649684163305,-0.4529972223344052,-1.4962942718113692,0.6803547616223055,-0.18408745094175724,-0.16085263423377769,0.9227588023927578,-0.19832030351108734,-0.8479619770730193,0.08143958482456183,-0.727624810262733,-0.14940666627870194,-0.3519892077302569,-0.34739723543483375,-0.7836509634282821,0.8008089456704923,-0.6571242908662516,-0.901209435115641,0.506016726036726,0.08139396678482934,1.33063402489719,0.7262887026843824,0.5572054238446625,0.6114022557637265,1.329082238471789,0.6881770528252862,0.25904984933545566,0.2243462876568988,0.7331071228615851,-0.3473708487914761,0.121538454277794,-0.5606563003972376,-1.014609894342471,0.9144403705349325,1.0364130738758546,0.6252730935894917,-0.2506449290933912,-0.5508172730263577,0.47025013571604257
C3_P1_05,C3,P1,5,Low,1.420331709222053,0.3623928915062287,-1.8521701921181957,0.3226099094377307,-0.5207277398720203,-0.5508283785534158,-0.7609303519185909,1.2301983059494752,1.4907080055550708,-1.5416470198099528,-0.46011005610969374,1.0263974687262039,0.7076489369964301,0.4872314781246149,-0.27715080375985857,-0.41723512227908016,-0.1921517915219055,-0.36773385058232516,-0.098550821501352,-1.1495890272091247,-1.249127191997605,-0.23655303801768895,-0.009303562276011056,0.6105124509586484,-1.2872946014604079,-1.3814570890633215,-1.305537751512608,-0.08783337196128181,1.3640299297617529,-0.22613025773963785,-1.013224437654222,0.10759658069397751,-1.5995548097273264,-1.8521701921181957,-0.7551265920433766,0.7059995559298902,-0.46469951120860487,1.0315825874152809,0.5985803638863089,-0.31627260935794593,-0.5207277398720203,0.7925805539058223,0.28030393658341396,-0.2908732798595898,-0.3845581910538624
C3_P1_10,C3,P1,10,Low,1.507068102246602,0.7193263239288716,-1.291056744809885,1.1395252046378177,-0.5321193616245284,-0.8020881840646817,-0.8416856760374489,1.0789978311787163,1.8052687070745608,-1.2722657808685027,-1.209257084414129,0.8813213623093514,0.6350869688809053,0.4733216819360148,-0.27715080375985857,-0.35686698090105584,-0.18840335849069692,-0.3669582114639254,-0.08017851157060234,-1.1344066511102584,-1.5810037516593833,-0.24261694940472325,-0.009303562276011056,0.6105124509586484,-1.4062085733414973,-1.3814570890633215,-1.7777836617865626,-0.2486009283238021,1.378394726393136,-0.19391010326788052,-1.35844675961759,0.05521945278581319,-1.605784934978628,-1.291056744809885,-0.9036768962020957,0.6665388054677963,-0.6056909230218244,0.8862211943302517,1.27840913706436,-0.31627260935794593,-0.5321193616245284,0.5998817217162693,0.05653701995470638,-0.34723809009804674,-0.37008403824971275
C3_P2_05,C3,P2,5,Low,1.1173055265861354,0.5714598610734611,-0.32084849074388944,0.30177876745953003,0.3014694380312059,-0.30985480263933063,-0.6959491682371647,0.032005424269924615,-1.1640089468737824,0.5965604084251851,0.8267115243671344,-0.3515493553944574,-1.8397465470469647,0.2621462959661014,-0.14709256173913846,-0.5286259404785238,-0.16446448721206625,-0.5781728645820038,-0.3181326526186115,-1.0219333044287218,-1.638623527988107,-0.21229739247007043,-0.6468955425200891,2.095016538633999,-1.2983735429399854,1.588487900630709,-0.24071588118719509,2.5560729767074792,1.3501530802304642,-0.09244952881570971,-0.08536615694179074,0.3878058500520703,1.2775589713300766,-0.32084849074388944,-2.9534686697430104,1.9220042045510177,-0.4898176221540224,-0.009140478973877611,-0.5566288805320093,-0.31627260935794593,0.3014694380312059,0.5716488718155625,0.04724808235957134,-0.4452817328235738,0.7997681404357586
C3_P2_10,C3,P2,10,Low,1.1594555248418705,0.1619243741450074,-0.32507154619427364,-0.5511006563336922,-0.7982898146987998,-0.1789075367674164,-0.7369554945243935,-0.28509604739262623,-1.1925039559211266,-0.45446371945308156,0.3680761733386269,-1.5255670660302096,-2.1866658568645234,0.33754172596843046,-0.13264164595905842,-0.495935508477905,-0.16081388390623105,-0.5343760150625572,-0.30886926979466367,-1.038650223264809,-1.4815206575603754,-0.20839916372143025,-0.6468955425200891,1.3527644947963235,-1.2821244287700413,1.588487900630709,-1.177570050506395,2.3080664392515833,1.3434657936594323,-0.20123964570974645,-0.9312048076335668,0.06266429105044914,1.696033087717242,-0.32507154619427364,-2.453515337531879,2.5402743204441496,-0.41851654493729223,-0.047389584430906795,0.3634237113279455,-0.31627260935794593,-0.7982898146987998,0.7037301601478373,-0.21901595609013974,-0.44948371025890455,1.1805599746194004
C3_P3_05,C3,P3,5,Low,1.4887564515823615,-0.1802443235911914,-1.0777163942656227,1.852833316850537,1.0490034988055292,-0.6358411939123533,-1.1784294397796593,-0.4366950663838674,0.8909352098086959,0.014096962982657998,0.468675865999477,0.22639530603351843,-0.2783852845679879,0.4551757846225404,-0.1904453090793784,-0.39382718915566445,-0.03394640746044256,-0.5091491520740886,-0.2353746045853156,-1.0232736339283002,-1.5257033236217674,-0.2075328906661761,-0.009303562276011056,2.095016538633999,-1.384789286480964,1.588487900630709,-2.342097664095573,0.7508841395241408,1.678513240010053,-0.2890710057068324,-1.9437925913360643,0.27931644832171115,0.37133110301807454,-1.0777163942656227,-1.8781526080587263,1.3926551879943025,-0.3479948025247544,-0.5832521710762344,2.864383875007478,-0.31627260935794593,1.0490034988055292,0.9783568785722209,-0.20317819522858624,-0.3934426503862509,-0.9270822840318672
C3_P3_10,C3,P3,10,Low,1.367884701386869,-0.15497890211156487,-0.9679633186936437,1.2198969734245029,1.249338115784821,-0.5607515205062277,-1.1493242475731051,-0.7796665252746641,0.78053104800399,0.26266223314898135,1.2634552664454737,-0.6298636051046819,-0.30128755473925845,0.2912834434113476,-1.0575002558841795,-0.3966573331768799,-0.6591833043586627,-0.6404182778962798,-0.4505827281141948,-1.062440342244943,-1.5505634398667394,-0.2257246248267603,-0.009303562276011056,2.095016538633999,-1.3899594591713307,1.588487900630709,-1.2996656751031805,1.0568224356080815,1.6821498584819452,-0.19951239251060754,-1.0811100256886392,0.5355547348321078,0.2633966026589091,-0.9679633186936437,-1.982907476967234,1.6247220790911627,-0.3251473443676012,-0.7588430617411704,0.46592207869186103,-0.31627260935794593,1.249338115784821,0.9583335575575639,-0.4049456336701231,-0.5464371673317355,-0.7706181314914982
C3_P4_05,C3,P4,5,Low,1.4517550131506411,-0.7621266745588996,-0.329963281605368,0.057199163247906123,-2.0974088442390673,-0.8909502714040037,-0.8794081290463261,0.0641918062930442,2.5658046565362294,1.4306201006518955,1.0876503318000743,-1.1700570758147826,0.3068551023303648,-0.0026763932001048992,-0.21934714063953845,-0.31708855370608924,-0.08169467488216088,-0.828791810982457,-0.7540180838583918,-0.2430523581525288,-0.9414281902190875,-0.245215768570354,0.6282884179680698,2.095016538633999,-1.1041227689977176,-1.3814570890633215,-1.568962619281335,0.38165202365365375,1.702001441920447,-0.11287956915760632,-1.5644199676524997,0.07668884417258735,-0.6433248928769679,-0.329963281605368,-0.7400011337002915,2.836011763945225,-0.27859000204571954,0.3285537983875642,1.2485526849193467,-0.31627260935794593,-2.0974088442390673,1.2136129627381798,-0.7550938281011482,-0.24484320826541048,-0.8265188559926273
C3_P4_10,C3,P4,10,Low,1.4941780772850333,-0.6175105905752479,0.18892860608156128,0.05774365232294784,-1.7735175856304677,-1.0470720011335184,-1.0183732044122158,0.24010668671102714,2.5850923276556683,0.7881689838667933,1.1783692819170053,-1.0987354447120035,0.5696828073306766,0.053171510602274714,-0.21934714063953845,-0.3964315137482958,-0.36833307933272585,-0.7901182123513598,-0.7343310863804892,-0.359737522256129,-1.2572683280580932,-0.2707708237009831,-0.009303562276011056,2.095016538633999,-1.3087138883209408,0.10351540578369492,-1.649943627303899,0.4981914358569052,1.8020484731691135,-0.10656498107625853,-1.5444963467436301,0.000672254814433274,0.4920183489167739,0.18892860608156128,-1.0813691210249516,2.7150585879766402,-0.2641233597554545,0.43491044882473945,1.2485526849193467,-0.31627260935794593,-1.7735175856304677,1.2432646989447567,-0.49756120995501346,-0.2178984032891806,-0.5527485565028966
C3_P5_05,C3,P5,5,Low,1.2334355334595493,0.1105118187808937,-0.09800507206027335,2.396682075701845,-0.37237628670295025,-0.8432266189509572,-0.9873932266063928,2.5802635033596446,1.0162140768496442,-0.9687353846308074,-1.1327022466733987,1.1127917339842646,-0.659153719702266,0.08521245035850422,-0.23379805641961848,-0.279645456818035,0.30501370683247386,-0.4941639332343701,0.0016077777874739536,-0.24593485160974463,-1.0249543504494347,-0.2898288309170802,1.2658803982121487,-0.13173959287902695,-1.1403139778311704,-1.3814570890633215,-1.17811364572464,0.9254925912924687,1.2018079908532626,-0.010836163545052497,-1.0114786641408526,1.58016010847294,-0.8712464111064842,-0.09800507206027335,-1.3097225567866335,0.818057737307876,-0.437072710914856,2.9049286985168226,0.6309813864963643,-0.31627260935794593,-0.37237628670295025,0.8216965310043772,-0.3294866860509824,-0.4087651770209981,-1.0553851585665162
C3_P5_10,C3,P5,10,Low,1.2323856487479998,-0.2160697706409918,0.5081603754954007,2.1666556307645166,-0.6958757832125202,-0.8481134362231927,-1.0029954884375583,2.8286151574767815,0.7268190583941929,-0.5417475876367224,-0.5263869972626863,0.9441418270951869,-0.8875874785373286,0.11757014612912971,-0.24824897219969852,-0.21640734577460116,-0.2671876175345801,-0.5358481623508857,-0.14623504990771294,-0.15098254766481053,-0.9607046609892949,-0.2096985733043103,1.2658803982121487,-0.13173959287902695,-0.999980719089546,-1.3814570890633215,-1.5127949036090682,0.47251643015307637,1.2111065320255443,-0.05437807994630641,-1.3444763502375274,1.1509909931051727,-0.643999685756866,0.5081603754954007,-1.1969435354518085,0.8016330750462642,-0.32190662531586206,3.354066421864112,1.2485526849193467,-0.31627260935794593,-0.6958757832125202,0.964452609330116,-0.38818430177169816,-0.3846201648130244,-1.3449281246016827
C3_P6_05,C3,P6,5,Low,1.2486652820694149,-0.454254079372749,-1.5032282256686158,-0.4293000721832205,0.5639088320657514,-1.072167746433594,-0.5724462148983447,-0.3698810623484468,2.018328833844123,0.5112852515402135,0.5918642817986913,-1.8209877325591601,0.07323062560043202,-0.029579599346864167,-0.33495446688017855,-0.2859065659868392,-0.4701377409754986,-0.8935672230558536,-0.7413304533840004,-0.18901491687873123,-1.3756076524831822,-0.23352108232430177,-0.009303562276011056,2.095016538633999,-1.2400244511475977,-0.6389708416398122,-1.4285738921459559,-0.3865593150949955,1.7390077955535843,-0.08271109459092221,-1.3854459601341864,-0.4794269166575098,-0.7901596048550903,-1.5032282256686158,-2.0370641061742716,2.289787856532063,-0.08961690941231966,-0.1959963339960935,0.832353742017858,-0.31627260935794593,0.5639088320657514,1.2285779702309445,-0.5365135215284145,-0.2325932106296804,-1.0767116142420166
C3_P6_10,C3,P6,10,Low,1.3302837227193565,-0.09114080318414627,0.046270351578191524,-0.2667741819430732,-0.36242287544212193,-1.1605078181063175,-0.6432988883123939,-0.7466815317753894,1.988014579892292,1.726900651370868,0.8780738221355748,-2.543678841026008,0.15326688452365944,-0.019245426780621674,-0.3494053826602586,-0.33641628251168443,-0.2916321744286648,-0.9214384828728088,-0.7381249441225672,-0.34284074835478556,-1.1714612840846066,-0.23785244760069954,-0.6468955425200891,2.095016538633999,-1.1927543008345673,-0.6389708416398122,0.2547383108551104,-0.2319898265762135,1.8059514228770353,-0.14198615543087786,0.04859461921644164,-0.2035760904176907,0.16656396033040846,0.046270351578191524,-2.459208024911351,2.818890787258344,-0.15180667563116695,-0.47132447837866037,-0.7409788440215096,-0.31627260935794593,-0.36242287544212193,1.1082492243072413,-0.3427019212444532,-0.17515204085995334,-1.0387426184681696
C4_P1_05,C4,P1,5,Low,-0.9078026813121097,0.08865221768596993,-0.6090604064994846,0.7342045848197836,-0.5928377144352571,-0.8884408331956017,-0.6393134304699085,-0.8500633325765818,0.1862850004626933,-0.9051517402348523,1.6037783881620855,-0.1395999607279016,-0.366099570571713,0.9123833869808914,-0.04593615127857822,-0.42650853997808275,-0.672936612360175,-0.7133440136715509,-0.7276390242536661,-0.44905743007364096,0.35601039859490996,-0.2473814512086176,-0.009303562276011056,-0.8739916367167044,-0.3847301689226277,1.588487900630709,-0.38490769274865255,-1.7721992253501992,-0.8826093374380806,-0.9872561005923773,-0.7023114335054523,-0.9636496141396816,0.18772910215043678,-0.6090604064994846,-0.11472495543506576,-0.9752913457000459,0.8354417889422371,-0.9141923558945342,0.2728092126439043,-0.31627260935794593,-0.5928377144352571,0.07475226004005603,-0.37936067181920763,-0.42126825540814244,1.6874942901347987
C4_P1_10,C4,P1,10,Low,-0.9128123466550238,-0.09329017316598999,-0.3409638072549492,0.8262958031921696,-0.40051395100626824,-0.706028380412212,-0.7178624837054915,-1.1407751632476975,0.1697976001587646,0.1970238294722017,0.9947532058592929,0.23980810604981703,-0.28171730018041463,0.817137988625057,-0.06038706705865825,-0.42488277319283435,-0.6943745734935812,-0.7428685404648255,-0.6788520646689231,-0.42582412340754205,-0.023947171990901416,-0.21316366552532456,-1.2844875227641699,-0.8739916367167044,-0.5354037730452073,1.588487900630709,-1.4655042410314794,-1.5261679916353585,-0.8279506377394241,-1.0693300844750226,-1.607784621234968,-0.9391820719449864,0.8730451459215288,-0.3409638072549492,-0.7345659515221631,-0.7746013919076904,1.0516125068818565,-1.1402693896033982,2.303823838320686,-0.31627260935794593,-0.40051395100626824,0.3222025635474687,-0.4892743140985449,-0.3895944395811009,1.5895870038091533
C4_P2_05,C4,P2,5,Low,-0.7016877180445685,-0.20284446058522007,-0.16370146646139402,0.1669185456827921,-0.523647286082026,-0.999506006684829,-0.8762019056181509,-1.2163125147824432,0.4270181103675602,0.8137728402116577,1.3277950382292212,-0.784015205554665,-0.33225818788649025,0.9629054844318112,0.06967117496206189,-0.4085136010648847,-0.5091906022967345,-0.6037113057541215,-0.6391490496148281,-0.5690962093567766,-0.477593931609067,-0.1650855109577146,-1.2844875227641699,-0.8739916367167044,-0.8433983461779777,-0.6389708416398122,-0.47856989572513164,-1.3745709353687359,-0.8521853712891758,-1.131952329273239,-0.561488582668147,-0.9999268097040357,-0.42315344361759055,-0.16370146646139402,-2.1112338314882515,-1.219197550259856,0.9385677458215069,-1.111101475534397,0.10290702761132756,-0.31627260935794593,-0.523647286082026,0.28999281657936476,-0.3300541521467799,-0.434886263851018,-0.04801732547210333
C4_P2_10,C4,P2,10,Low,-0.7187288716283768,0.12574651815025636,-0.3206609424819501,0.4238024540159473,-1.28259800743174,-0.8085977319325138,-0.9921906590921297,-1.4243562368873732,0.5781306076985736,0.40764577802587515,0.27542961581287617,-2.03428646159196,-0.20081372251321966,0.9900857093950826,0.06967117496206189,-0.3599427456300125,0.2913029348249292,-0.5302894306198402,-0.38709542398722857,-0.6633222203820511,-0.14986553500321273,-0.220960123022866,-1.2844875227641699,-0.8739916367167044,-0.695679126450116,-0.6389708416398122,-0.3884625451045813,-1.3499033078527674,-0.7717791882646075,-0.9809667538619959,-0.5079392932699264,-1.2133910756209,-0.11658161427489781,-0.3206609424819501,-2.1685488247545592,-1.813461829381225,0.6366832417064435,-1.1178044168182426,0.10290702761132756,-0.31627260935794593,-1.28259800743174,0.03697124943773957,0.2061854469127605,-0.42316046401568036,-0.3290092377038725
C4_P3_05,C4,P3,5,Low,-0.7897392535585127,1.2860084882611904,-2.200498696727857,-0.2935902089321316,-1.2954125529577236,-0.7765056542317704,-0.5979179923928563,-0.9709240832698137,0.3106838320064643,-1.1680994794584467,1.236484762113766,-1.1640827309873032,0.7318428330467667,0.9851008144714741,-0.002583403938338271,0.4769313777216228,-0.6975574716872833,-0.6230544158977689,-0.41763725643756594,-0.6889600228538023,-0.19615204814799347,-0.16291982831958038,-0.009303562276011056,-0.13173959287902695,-0.6159107477969729,-0.6389708416398122,-1.5214012062084317,-0.514824064411033,-0.8221777462820976,-0.9076742625118338,-1.5559469998071969,-1.5417151320895286,-0.22687635436543271,-2.200498696727857,-1.980496049461785,-1.3882877701686989,0.5344723279509087,-0.7539731894329906,2.303823838320686,-0.31627260935794593,-1.2954125529577236,-0.5512242386479457,0.34945073793162834,-0.3519512963282597,0.019578412415506473
C4_P3_10,C4,P3,10,Low,-0.918094983829034,0.30057633706382375,-0.9105199423730699,0.41072459163531505,-1.1211151106777966,-0.7313481531995214,-0.8415319707376722,-1.148849199891595,0.3931376562687064,-0.014433585326614368,1.5290065955070928,-1.3239292872830462,0.7109921293160025,0.8135608214325146,-0.002583403938338271,-0.37278558819655333,-0.7112758782164377,-0.7932681708395263,-0.7837064318648369,-0.5049936196850945,-0.19008187538123247,-0.2140299385807081,-0.009303562276011056,-0.13173959287902695,-0.6949405303514916,-1.3814570890633215,-1.4896885582728914,-0.4938330075055133,-0.6309590837033293,-1.192885741374827,-1.6265735729784574,-1.033914888693123,-0.27150558968715516,-0.9105199423730699,-2.1249216189129996,-1.088001922831241,1.1406328973697324,-0.8952625663688769,2.303823838320686,-0.31627260935794593,-1.1211151106777966,0.2277049481334444,-0.2276165388326561,-0.32263184283513463,-0.09881323508819145
C4_P4_05,C4,P4,5,Low,-0.7981712000419864,-0.16786391707710294,0.6309148263911761,0.13345869735448518,0.2356513666626856,-0.8474971372146717,-0.38610802392667637,-1.0086599178652378,-0.5322754826334426,1.6158164053921178,0.29295084122873366,0.2930640274149674,-0.855007469872616,0.8474096897032198,0.18527850120270214,-0.39166368810949953,-0.6384035150494658,-0.7630947172748902,-0.9756180448801696,-0.18422904132972837,0.32950929440324495,-0.20839916372143025,-0.6468955425200891,2.095016538633999,-0.3965477065010522,0.8460016532072042,-0.13262000477943792,2.098481263807666,-0.962538102292472,-1.1119003133447858,-0.5019496812415012,0.04903310765292802,1.024335610699489,0.6309148263911761,0.6803833844464585,1.684717435218861,1.1144625427630976,-1.047770234123325,-0.03184298120761279,-0.31627260935794593,0.2356513666626856,0.47619679740560766,-0.680180056465808,-0.3144009886047886,-0.1413605551930783
C4_P4_10,C4,P4,10,Low,-0.8464410427122335,-0.21994322706639333,0.9909330411703813,0.2847206663478934,0.29010457977214943,-0.8799743584851243,-0.45370340393085146,-0.9610373151405759,-0.8790822863836855,1.18952787834945,0.079354593240377,0.09225766891079351,-1.7031629131262256,0.7446286995754691,0.17082758542262197,-0.38004019505973274,-0.557475564390807,-0.757347057160466,-0.7572611414763201,-0.24155769474459915,0.3135734211810587,-0.24651517815336457,1.2658803982121487,1.3527644947963235,-0.4541582021948155,1.588487900630709,-0.12940103553316865,2.6390896821520116,-0.8532532673986436,-1.1244074626738279,-0.49268968805126634,0.258503526427939,1.5999582802599297,0.9909330411703813,0.7423777389488049,1.6431720683500568,1.0975624995752598,-0.952815800136843,-0.00436454803669161,-0.31627260935794593,0.29010457977214943,0.49935666983745325,-0.5695369186201256,-0.33859863230388076,0.0045639212678939564
C4_P5_05,C4,P5,5,Low,-0.7663665911345127,-0.11214823132181771,0.04013445341350239,-1.365984478590035,-0.733200202087146,-1.0440373180547768,-0.9031425814786078,0.8669956653595536,0.590361471002301,-1.3005977327678975,0.25995766918180485,0.06877071404120613,-0.13290721186473556,0.9157323628128389,0.011867511841741762,-0.4198119669683082,-0.23922711510991657,-0.604762985967618,-0.37427428391095363,-0.46129661662676097,0.010792282754903798,-0.21229739247007043,-1.2844875227641699,-0.13173959287902695,-0.6218195165859635,0.10351540578369492,0.6381421873875704,-0.8413997137012432,-0.8133764179683868,-1.1551406638631962,0.33407699589053547,-1.1749418220645675,0.7848044380039165,0.04013445341350239,-2.146192367916418,-0.13790327501561486,1.0227576488363637,0.8741243527446274,-0.6563528260012758,-0.31627260935794593,-0.733200202087146,0.31405722266430597,-0.1455554477219566,-0.33743813701316033,0.277919717552805
C4_P5_10,C4,P5,10,Low,-0.663192869259978,0.009629487717838744,-0.30443236358892,-1.369660175771949,-0.8182868850459204,-0.9530001642889881,-0.9950661609523296,0.9910165413579828,0.5609941135382192,-1.0257900040758081,0.3585783697171796,-0.18432975967336065,0.2993750964541637,0.9530047767867234,0.011867511841741762,-0.22948410697063498,-0.7093103438644809,-0.5371191366935321,-0.31951543097187834,-0.5131466181026754,-0.07270991236670936,-0.1993032966410076,-1.2844875227641699,-0.13173959287902695,-0.6476703800384611,0.10351540578369492,-0.42981068319027516,-0.382996602828122,-0.8734303692126598,-1.0658703334578974,-0.5634285466340899,-1.2092001131736358,0.6495213738961467,-0.30443236358892,-1.9863815637890525,-0.6782393633795608,0.8254747662587012,1.1920526374574116,0.1921250699800325,-0.31627260935794593,-0.8182868850459204,0.17479296980909415,0.18689413792900872,-0.37122186102418503,0.41133022796150126
C13_P1_05,C13,P1,5,Low,0.7027859439769197,0.3861144789056954,0.554204195827649,-1.4301338879543077,0.9939677853525742,-0.028042671737688988,0.2041416199763499,-0.9955757924811847,-1.1519189580142166,-0.35241349980819553,-0.858096724396796,-0.7195063196382093,0.4042271186899435,-0.37164321649502396,-1.0575002558841795,-0.3890865487449047,-0.5966352296942687,0.39267860869891047,0.4710597456460053,-0.7067246809818246,-0.9264094318943902,0.6669697586310944,1.2658803982121487,-0.8739916367167044,0.3649448711964792,0.10351540578369492,-0.010265639991784968,0.6435444476530578,0.10849543908317315,0.6949627759104657,0.38240456306311377,1.1686257219543297,-0.9463627979402901,0.554204195827649,-0.6161842571728035,-0.6906513911016957,-0.5572883053990055,-0.9274624183195982,-0.5820380526770451,0.9144403705349325,0.9939677853525742,-0.030288224755801754,0.7122805696991408,-0.12976947863765634,0.9297569991700975
C13_P1_10,C13,P1,10,Low,0.7653059084160533,0.09823678475164636,0.3436111141762409,-1.4796466445616272,0.17440191675259684,-0.1404994685830987,0.08783844437243848,-0.7763840640655664,-1.4704038494300713,-0.8351715449533154,-1.4636066548236462,-0.7544361493869786,0.6220669999740648,-0.2178514080993631,-1.0575002558841795,-0.3890865487449047,-0.5647960716901251,0.3829846652683056,0.3128571605607445,-0.7090354047387444,-0.6701656849040876,0.8298290930223945,1.2658803982121487,-0.13173959287902695,0.5902166812818337,0.10351540578369492,0.029216400820491054,1.1204716119553753,0.09438417728045743,0.6145185015065192,0.3602342370646294,1.2661933240496308,-0.9765270213167394,0.3436111141762409,-0.8639956118680474,-0.8102240661961786,-0.36677917156979445,-0.6771143483440827,-0.5763542642878299,0.9144403705349325,0.17440191675259684,0.09529549837955337,0.7620486703749162,-0.13854539504064245,0.6086402137453356
C13_P2_05,C13,P2,5,Low,0.4841145636988283,-0.6784471423760808,-0.510248500135616,0.4793805822893405,0.08875425930904396,0.5951608210523884,1.0936096171514431,0.6908169661583458,0.22303288910626928,-0.10627766674166765,0.8310863738429939,1.556987024003239,1.0061378768635423,-0.28440183930030843,-1.0358238822140595,-0.7452540128541226,-0.5968765629748696,-0.02600564335975324,-0.2346192750568384,1.9739002748478258,-0.701325119421778,0.7917130785903307,0.6282884179680698,1.3527644947963235,0.599818430563944,-0.6389708416398122,1.1732922262753624,0.25607169144415975,0.2018506033447971,0.7299017613877554,1.2269089067736518,1.2130234739677443,0.10377352509937081,-0.510248500135616,-0.5897183517374911,0.5310362161811911,0.12162707421269912,0.3012468171836326,-0.9711015728626937,0.9144403705349325,0.08875425930904396,0.4918810939954805,-0.700834881298174,-0.8575233035735743,-0.08235160328264415
C13_P2_10,C13,P2,10,Low,0.5096222208431329,-0.652484318472939,-0.817945765610451,0.449449574105876,0.09746714865178836,0.6592794747017239,1.0177871591223118,1.139177150471573,-0.22600043699327754,0.35683318878548553,0.42269455642002646,1.5633770127650106,0.7627653118134103,-0.3129553764303836,-1.0358238822140595,-0.744286631184129,-0.6231368244604709,-0.02684861488127129,-0.05754219595267896,1.536491102032686,-0.4646769932100202,0.7821840749824116,0.6282884179680698,1.3527644947963235,0.7165166141491625,-0.6389708416398122,-1.110489399462152,0.4842055132761283,0.32793844343849843,0.7534189999631887,-0.8532020400838953,1.0410752135180148,-0.15880991355510404,-0.817945765610451,-0.6690534617852001,0.5359427333075995,0.08367763154473914,0.8000839718106398,0.6994171912615278,0.9144403705349325,0.09746714865178836,0.45163355044296055,-0.33338424895551355,-0.8545952347233639,-0.4113064851545555
C13_P3_05,C13,P3,5,Low,0.8286247139366475,0.5450562492972333,0.983382930336267,-0.3011384438299505,-0.658742161375998,0.9583065429785707,1.774235960740031,0.6141153551810037,-1.3159629939739894,-0.3914137116320039,0.5974712327796058,-0.7461414406278674,0.6394948578230093,-0.3692520056776183,1.4569590898497435,0.49096741990360043,0.12334484806065639,0.7276780539747257,0.5972482804131669,-0.37849388592316824,-0.42355663688162043,0.7704893887362289,1.2658803982121487,-0.13173959287902695,0.7453218619961554,-1.3814570890633215,0.1296345828805153,0.7204277452643181,-0.16109125720475848,0.7933861261131971,0.5151769495355913,1.0747128728311803,-0.9122803589604276,0.983382930336267,-0.9380847703954971,-0.4866467085719865,-0.6877183525574377,1.014293321388624,-0.5606732044970391,0.9144403705349325,-0.658742161375998,-0.3449780722155652,0.30422820606597123,0.4341448395926421,0.14224999698826943
C13_P3_10,C13,P3,10,Low,0.6662312450722104,0.07481540278665803,1.0695634905514058,-0.330966843068066,-0.5510331664997012,0.8846266167309191,1.767232482631021,0.22685292707693983,-1.4548441226874271,-0.45368066411611063,0.3086403249640613,-0.23720196684792863,0.5218357318187984,-0.3835681507852067,1.4569590898497435,0.21716065254558253,0.05169947056995969,0.6675139024556834,0.6793648316678714,-0.39052690886256697,-0.3284880929829179,0.6951236329274837,1.2658803982121487,-0.13173959287902695,0.7098692492613268,-1.3814570890633215,0.9910149327488502,1.0310645000114194,-0.2069430215245014,0.7911288074231938,1.2427576278178294,1.042838865348503,-1.1660092865755662,1.0695634905514058,-0.7453261851889665,-0.4859210093508803,-0.6395773503094538,0.33144227198647175,-0.9371401980790467,0.9144403705349325,-0.5510331664997012,-0.23498384826701935,0.29056781378422897,0.7559710501810933,0.5875135607598742
C13_P4_05,C13,P4,5,Low,0.6148511321452416,-0.6530445376675607,0.7367452654782853,-0.8962910076779427,0.26549056060366083,0.3576257126559963,0.8480311263782485,1.6972937735259617,-0.02795710838163876,0.21762547953095238,-1.0394397105526954,0.8040637039736162,1.0325606999810188,-0.2608099842510942,-1.0285984243240196,-0.35293959943952313,-0.47137808950550053,-0.03472582280859738,-0.20019626939762958,2.933902447503728,-0.6687842086927321,0.8151024510826951,1.2658803982121487,-0.13173959287902695,0.7527078229823928,0.10351540578369492,1.0891824667517678,0.3499098050862179,0.3088355045861365,0.8411556738638474,1.1417171847119771,0.9224631249065391,-0.6133749503391113,0.7367452654782853,-0.7909988677526539,-0.2233487473087946,-0.09659084065306418,1.77690296093484,-0.9628430421384734,0.9144403705349325,0.26549056060366083,0.40114720109504143,-0.036378735648846215,-0.48265652052427205,-0.1653056656592616
C13_P4_10,C13,P4,10,Low,0.6050463291551719,-0.7705791157342657,0.8513176552954943,-0.8600811153027551,0.3616503767373332,0.21482556702793126,0.9634657226206423,1.608235689999111,-0.2667059192413573,0.1490887626563972,-0.710546557624324,0.8474457085763726,0.8220742981948698,-0.27464425421563915,-1.0285984243240196,-0.34980597861471474,-0.4811585114318736,-0.060269578866693096,-0.36240957001022606,2.953593134478045,-0.5994303612240025,0.7514313815202622,1.2658803982121487,-0.13173959287902695,0.6227149096219463,0.10351540578369492,-1.0522282099799385,0.927474146326764,0.46725296476401423,0.7278175594070775,-0.787812036717724,1.131338473159824,-0.4847704763624014,0.8513176552954943,-0.37107201450459737,-0.04717104581120649,0.02999915900808695,1.6586484459180018,0.4936820531862546,0.9144403705349325,0.3616503767373332,0.5553679395885036,-0.32517842151298104,-0.47146298173467877,0.12056517354452237
C13_P5_05,C13,P5,5,Low,0.7596793862168536,-0.6508351634814973,1.2502229189591376,-0.9874669868332446,0.82304990313885,0.23919586677310034,0.5981328950826194,-1.2483690574429163,-1.0002280123462595,1.1160087844055544,0.09250472568858649,-0.7029969004671811,-0.04099631329148048,-0.36634823901096997,-1.0575002558841795,-0.3890865487449047,-0.5292565645452465,0.3621438818909764,0.05974541612536161,-0.835099242098167,-0.7933897187911197,0.868811380509583,1.2658803982121487,-0.8739916367167044,0.7475376502920263,0.10351540578369492,-0.019450459050822266,0.06769685912449838,0.019128585257199942,0.8290958432007681,0.335202980800896,0.4355696621402093,-0.32640126017991733,1.2502229189591376,-0.6855573538612152,-0.7420511860222332,-0.24033861118246366,-1.1378969978509705,-0.5820380526770451,0.9144403705349325,0.82304990313885,0.3273095654099608,-0.21905480521153006,-0.14466774154596693,1.5448386021186362
C13_P5_10,C13,P5,10,Low,0.7128799707337263,-0.8813454447176909,1.0860620204655047,-1.1893416157926058,0.4839144772462581,0.1266228782449341,0.4031406067349391,-1.4418347103203142,-1.237319000770194,0.955702439793483,0.11100454428990487,-0.6734067866331818,0.11205971014779727,-0.3013392034277031,-1.0575002558841795,-0.3890865487449047,-0.4924449729153862,0.29994724707387876,-0.036726604273863685,-0.8029147051591022,-0.8697864609693445,0.830695366077518,1.2658803982121487,-0.8739916367167044,0.5326061855878479,0.10351540578369492,-0.23451816322333294,-0.1311162037035752,0.18218288189280774,0.631468492413668,0.13744147017243669,0.7752810085401068,-0.5597183250277296,1.0860620204655047,-0.615972875694769,-0.8461413769909417,-0.09647057111002134,-1.2358680049307642,-0.45260648913734336,0.9144403705349325,0.4839144772462581,0.4419380583250421,-0.12375320377259363,-0.15019381185708328,1.3307645720383814
C14_P1_05,C14,P1,5,Low,-2.2457428636209458,-0.4966031900106715,1.291118904225382,-1.0963565957146733,0.8092247285206257,0.878349171851422,0.9352714200714093,0.5834326996020726,0.35409713791461417,1.0451406778264167,-0.7556325096406169,-0.41242821867078366,0.6653597557087806,-2.8027280286939424,-1.0575002558841795,-0.3890865487449047,-0.553057619317379,-0.06738430754408423,0.28282599609978154,-1.08745295015291,-0.08941042908049725,-3.070132201813029,1.2658803982121487,-0.8739916367167044,-1.4859769519944197,0.10351540578369492,-0.6209468584473401,0.017425976449023866,2.0677484243935504,1.6689880459865456,-0.5096719888538845,0.4176601833372606,-0.29377088553780834,1.291118904225382,-0.6979276047406314,-0.6335346965488385,-2.100537820259109,0.730649504440675,0.5985803638863089,-2.7776985691437015,0.8092247285206257,-1.3826958500802535,0.1499130363859867,-0.16730427506989956,1.1421133678515065
C14_P1_10,C14,P1,10,Low,-2.0810418687166186,-0.2913073583546749,1.2299321049321899,-0.7467558200605776,1.1146158129355825,0.9171069163102052,0.7736234316222793,0.33113802779730395,0.28542301024510475,1.0868356910920218,-0.09979296214492614,-0.4389331860064257,0.530193995436292,-2.8320173584957753,-1.0575002558841795,-0.3890865487449047,-0.5260226990280826,0.003994820718209332,0.5420149209294184,-1.152984994618783,0.02086658129837135,-3.0116587705821165,1.2658803982121487,-0.8739916367167044,-1.3249630024911074,0.10351540578369492,1.303644417402089,-0.3095536911330245,2.2654465631718437,1.652404589067536,1.2102259694482798,0.17639740087223105,-0.5743351844873275,1.2299321049321899,-0.6226033582281083,-0.5128405472689209,-2.1309115709929665,0.470580595530619,-0.9060304179963838,-2.7776985691437015,1.1146158129355825,-1.400790409873784,0.1519106127910852,-0.17129813112051528,1.1714020033521129
C14_P2_05,C14,P2,5,Low,-1.9529820601488332,-0.570985173799554,2.3066993238810296,0.23891564758529862,-0.04581329580436622,0.24080936967090646,0.030226882983910214,0.4811548273536489,0.9773996285955843,-0.5904894050975408,-0.8510554489987692,0.14293260338808877,0.8990526321866854,-2.788966355367203,-1.0575002558841795,-0.3890865487449047,-0.5266848148634486,-0.10096877064552667,0.07254896121321429,-1.2779900036506704,0.06929721862886655,-2.823677517588204,-1.2844875227641699,-0.13173959287902695,-1.240763047246222,-1.3814570890633215,-0.5026865682323624,0.07679123082809995,2.405089510686149,1.7057770133752335,-0.44964638167708193,-0.1485548411735029,-0.5522659479157732,2.3066993238810296,-0.665693513047093,0.04597301938153742,-1.9832234844792205,0.45181890193402613,0.30553111494647484,-2.7776985691437015,-0.04581329580436622,-1.2052786391629542,-0.10000108032801634,-0.298508094591688,0.8429751324440893
C14_P2_10,C14,P2,10,Low,-2.0144247857260025,-0.6118354748723406,2.0122674840196786,0.32622785649940644,0.07076822949878674,0.37892624591060414,0.1800773066644104,-0.3914706403501569,0.9171161196019776,-0.3603081320370043,-0.19377509425376443,-0.4659369059844347,0.8248907298607402,-2.8376110871501057,-1.0575002558841795,-0.3890865487449047,-0.5489212858347173,-0.11460437500652038,0.10224814793292877,-1.2802930344006003,-0.03519738575291755,-2.8145816505076526,-1.2844875227641699,-0.13173959287902695,-1.3168384454060231,-1.3814570890633215,1.3466655162535515,0.416316447161223,2.448758661698495,1.6524991361167376,1.2095089670828802,-0.33262422273275694,-0.3086604699445843,2.0122674840196786,-0.5409459314628207,-0.38565035630490285,-1.9902013859097656,-0.3365394827891644,-0.9283773077955783,-2.7776985691437015,0.07076822949878674,-1.1976319059504974,0.3036559202261853,-0.29936226423923595,0.9179597853339374
C14_P3_05,C14,P3,5,Low,-2.022640912487976,-0.5774479139363135,1.3883273447858064,-1.789149562188942,0.7555454958856814,0.8204164626007089,0.05922599674672973,-0.21663248405779115,0.7452097617656743,0.6763074154800788,-2.4874781685717693,0.12121140447520934,0.6001145117223279,-2.869826733851113,-1.0575002558841795,-0.3890865487449047,-0.5565733728938654,-0.20812105048396634,0.1341462847149904,-1.1732049179023976,0.14680061020686913,-2.7911922780154175,1.2658803982121487,-0.8739916367167044,-1.1484385349162527,0.10351540578369492,0.5426461475063458,0.2742089288972297,2.469438075671887,1.7473709251631833,0.4181667512194077,0.6257431365395686,0.5168738786045292,1.3883273447858064,-0.643925668699018,-0.4778619204995107,-1.9882036567444084,-0.36786730223723707,-0.5705648946901462,-2.7776985691437015,0.7555454958856814,-1.1878746922336167,-0.0263868343721383,-0.19156066190717233,1.0679420770964747
C14_P3_10,C14,P3,10,Low,-2.0656751753074913,-0.6602788681979663,1.3628535911869806,-2.156729195395848,0.5894232402157336,0.8633028857281949,-0.13490074548593556,-0.25527417332302493,0.42988212988108343,0.7336025699874621,-3.3506481549379736,-0.20915114351598965,0.7330359793577268,-2.8210996385607636,-1.0575002558841795,-0.3890865487449047,-0.5389222498341304,-0.18514176480728953,0.07467674894275553,-1.177789237420322,0.12260977382334766,-2.7981224624575756,1.2658803982121487,-0.8739916367167044,-1.2296841057666426,0.10351540578369492,1.2156598213523324,0.3841401978376102,2.436170786329454,1.6883582760600588,1.0316147379688516,0.417164667508421,-0.09395584171937486,1.3628535911869806,-0.652344358373167,-0.6420290706782436,-2.0049380849209886,-0.3901980509479936,-0.8786605721740341,-2.7776985691437015,0.5894232402157336,-1.2538040102663572,-0.37197426273042467,-0.1995717615442641,0.991522960424183
C14_P4_05,C14,P4,5,Low,-2.06545767921129,-0.6490911811787028,1.072506083341469,-0.06623568485690635,1.0806892912112476,0.7319156816160843,1.4640776347681985,-0.5371324608108149,0.3872023971034447,0.8020776656752547,0.3489733044256196,-1.0843094068838515,0.5682786995500411,-2.7957090366797663,-1.0575002558841795,-0.3890865487449047,-0.5669584218961664,0.07212641160688027,0.3618215259039942,-1.20110931264625,0.045902585658887184,-2.7985555989850726,0.6282884179680698,-0.8739916367167044,-1.3197928298005184,-0.6389708416398122,0.5884134339647827,-0.12037606821363636,2.3104060088659653,1.631072267086255,0.5968745977287169,0.39818011850398544,-0.34180306424581686,1.072506083341469,-0.6060881501851101,-0.18451026956301292,-2.030516164662716,-0.4247931321873283,-0.6037731261654222,-2.7776985691437015,1.0806892912112476,-1.3174556038576415,-0.19823296066281454,-0.24371255322314647,1.1979234534000178
C14_P4_10,C14,P4,10,Low,-2.0638737574667316,-0.6438895434984863,0.8694989645183653,-0.4861374890300788,0.23004077566913358,0.7562662235971656,1.3586156936682217,-0.09361741175626183,0.4925514675884517,0.7741585334458624,-0.0703090810521794,-0.971847709312472,0.9269630739933173,-2.8493525602098324,-1.0575002558841795,-0.3890865487449047,-0.5292635927983085,-0.010204967668924902,0.23747941015182142,-1.1868443261688175,0.2118468517429194,-2.8843166314571205,0.6282884179680698,-0.8739916367167044,-1.2540577770216708,-0.6389708416398122,1.802320697306992,0.6270059229718006,2.1235644176204933,1.7094010861415012,1.6111854756946415,0.576734782286481,-0.39770435801062964,0.8694989645183653,-0.5867696705837646,-0.742395635093966,-2.032858350218008,-0.13475631140799324,-1.0161145000061238,-2.7776985691437015,0.23004077566913358,-1.2781748520337917,-0.5001283576554779,-0.1916149668158742,0.6516733191977191
C14_P5_05,C14,P5,5,Low,-2.2122955459647624,-0.6771801261303749,1.113446206753621,0.016539096617259184,0.048594215167364764,0.8199146602531355,0.1870056237534954,0.11826086968402477,-0.010262280453976928,1.2423052758672537,-0.17677721626888346,0.7898627942575965,0.8674292936013721,-2.8524826300371986,-1.0575002558841795,-0.3890865487449047,-0.5255329149256013,-0.4419015763303545,0.1181020133839627,-0.9211546355288588,0.14942234044153424,-2.922865782416682,1.2658803982121487,-0.8739916367167044,-1.2821244287700413,0.10351540578369492,1.2783656548076385,0.7476854025616071,2.494079326535281,1.908904590249818,0.9614286472887587,0.479961883961697,-0.015181819128916413,1.113446206753621,-0.6905484696476132,-0.3474055959834648,-1.925256206772578,-0.12248080312225966,-0.8687268579115638,-2.7776985691437015,0.048594215167364764,-1.0274972250411087,-0.41551094237149727,-0.13144352381778615,0.6777585640379761
C14_P5_10,C14,P5,10,Low,-2.093285569928039,-0.2420967347351624,1.053840495742658,0.08385242935353035,0.25821108505221085,0.8576311829798394,0.15073509501672222,0.272380113956691,-0.21872750744081607,1.2678083254719383,-0.7686654791500848,0.9781636308222638,0.8458522752141603,-2.946213626925135,-1.0575002558841795,-0.3890865487449047,-0.35324307845087527,-0.5248970405611556,0.009221005363144635,-0.9763562661658852,0.28068048454851496,-2.860494122436999,1.2658803982121487,-0.13173959287902695,-1.1344052090419572,-1.3814570890633215,1.7318061103918128,0.3160530084704798,2.4355509723595614,1.864191523223273,1.2974212527528641,0.5716204960159809,-0.48903703417935507,1.053840495742658,-0.5938697883280039,-0.19764247151919923,-1.9722749536662243,-0.008068022681337645,-0.9807076266409844,-2.7776985691437015,0.25821108505221085,-1.098679070507301,-0.22738881312210993,-0.13249967725561668,0.8041720760207682
C14_P6_05,C14,P6,5,Low,-2.5560514250989606,-0.7881495143498365,0.9049164542699898,-0.4278264049902971,0.22375995793537168,0.6200603874588069,0.66537720141834,-0.02190682711143673,0.3945642379789885,0.5581249013509069,-1.008364709585002,1.2142891693516067,0.9042289122392598,-2.917864830936247,-1.0575002558841795,-0.3890865487449047,-0.5170743184752971,-0.3721612476894432,-0.0637823998594875,-1.1132283195894,-0.1315467878521429,-3.2503169973095294,0.6282884179680698,-0.8739916367167044,-1.3995612084536615,-0.6389708416398122,0.49769080034405816,0.49868855209287233,2.1524701253143705,1.9680127517643484,0.35590428406030866,0.5647697559513866,0.3580003500488464,0.9049164542699898,-0.67671204992054,0.0909638628336629,-1.92327259089259,-0.35791833082684044,-0.47653399489004705,-2.7776985691437015,0.22375995793537168,-1.123260790897063,-0.8622592108257331,-0.16299003378659843,0.8381267822928892
C14_P6_10,C14,P6,10,Low,-2.4538969834597997,-0.667926925096681,0.849241380467248,-0.8268107306645393,0.5027842138719361,0.8115833103261131,0.7669519842969976,0.33646909553597426,0.495973778030089,0.593333677238768,-1.2676441273970107,0.8828837965758289,0.8590850695874716,-2.8891756513114055,-1.0575002558841795,-0.3890865487449047,-0.511680218583864,-0.27584806262256545,-0.0321356263003354,-1.168165059005042,0.18297591403637498,-3.188378473857603,0.6282884179680698,-0.8739916367167044,-1.1816753593549876,-0.6389708416398122,2.068064031199021,0.5814837957541279,2.154655013777419,1.9490879435568813,1.7370710344251776,0.5401091266219044,0.1516478148624711,0.849241380467248,-0.6478056828758006,-0.026460042251488652,-1.9427073920543234,0.027959598899708366,-1.0377616393391234,-2.7776985691437015,0.5027842138719361,-1.1456771252360871,-0.5728411889244865,-0.1644171347222328,0.8188598249699103
C14_P7_05,C14,P7,5,Low,-2.277936591792615,-0.6769932021437602,1.4521430481946944,-0.3634255230199924,0.3764192495066233,0.5323051119161423,0.8822384008720336,1.2901799863762617,0.05109376058981329,0.7885957736609952,0.6457131546044345,0.7586267388872276,1.1096879827176553,-2.9357915917512702,-0.9418929296435395,-0.5860089629654056,-0.23351234899126092,-0.8422967198243201,-0.16356712691363132,-0.2083611862637371,0.3566314623223487,-3.291898103962608,1.2658803982121487,-0.8739916367167044,-1.2570121614161662,0.10351540578369492,0.8040185783552221,0.5137486982776747,2.879961637371268,2.197929874454443,0.2780372874684365,0.31806178055094964,0.09421008946857837,1.4521430481946944,-0.5499005790482007,-0.27172581203269636,-1.8835144652035574,1.1217885812824784,-0.5931002318703833,-2.7776985691437015,0.3764192495066233,-0.7974094114453052,-0.28679626368941064,-0.5446705244477712,0.5086852831032179
C14_P7_10,C14,P7,10,Low,-2.3433284365497444,-0.968635684886754,1.3850349815988514,-0.6085214037775103,0.2673638508977173,0.4466348465856877,0.7298875985655165,1.1582851835649282,-0.31481871092874203,0.8037616417357191,0.39403234690631145,0.8870062742258151,1.0027553959321636,-2.9640532450755135,-0.9274420138634593,-0.5560663285816508,0.042902306241023556,-0.8787605862235333,-0.28518921798801455,-0.2513358117781135,0.4989957918125909,-3.233424672731826,1.2658803982121487,-0.8739916367167044,-1.0538982342901915,0.10351540578369492,1.397379590252597,0.759961097831338,2.999374556457465,2.275231544077828,0.7563315842051854,0.3839876791604315,0.30562726461479844,1.3850349815988514,-0.6986978315442146,-0.2983633967815591,-1.7904716277209558,0.942067108552601,-0.8511291983491861,-2.7776985691437015,0.2673638508977173,-0.5502164471527636,-0.5801399394514352,-0.5430405559073392,0.5432767525975006
C6_P1_01,C6,P1,1,Medium,-0.47895808192716677,-0.2806543659693358,-1.67353718507244,-0.17489344242502364,0.7692191713822967,0.5227191183463112,2.190512464621358,0.36703036051599147,-1.1422288385025183,-0.09447619439750236,0.738990692275603,0.6349563973957557,-0.3542122386093543,0.7069528112424359,0.18527850120270214,-0.018860482779087414,0.4106826806980092,-0.06870788087337353,-0.015530454250003592,-0.07565430456989443,-0.0660790538577341,-0.2681720045353524,-0.020993560385910003,-0.901209435115641,-0.6365914385588833,-0.6593906314849209,1.4307713132567714,0.8682181593128938,-1.2584770367624238,-0.736603361602692,1.3075623294316505,1.0091294645745383,-0.9143117281380467,-1.67353718507244,1.1183439857182467,-0.31723834407563234,0.26344629149964954,0.11359148433566807,-0.9718703222509532,-0.31627260935794593,0.7692191713822967,0.09083759257022679,-0.53579844664836,0.38031437560692394,-0.9544180554884675
C6_P1_02,C6,P1,2,Medium,-0.431808195069211,-0.4246289534091424,-1.4674139699392752,-0.023037484850589676,1.1558678177042276,0.7715138084904267,2.0230216727630976,-0.11798567333536034,-1.0248288811468818,-0.2339962876532456,0.8528275176652683,0.35207809459062456,-0.5238465505126766,0.7776082704316412,0.1563766696425421,0.005012253072209968,0.4397331226702649,-0.10393871134535947,-0.0328301966598146,-0.014900722702486184,-0.22448966115478008,-0.19540506789236742,-0.020993560385910003,-0.901209435115641,-0.6749984356882054,-0.6593906314849209,1.7417413286639833,-0.16965495374216183,-1.255718478703521,-0.7655229694513156,1.6003255818999387,0.6661781577390621,-0.9420281322678934,-1.4674139699392752,0.8274630890307448,-0.20634011052901824,0.31095689217641437,-0.31095723546799325,-1.0367228919349045,-0.31627260935794593,1.1558678177042276,0.08873449607351488,-0.8713864011310414,0.569173898065359,-1.3604597741922562
C6_P1_03,C6,P1,3,Medium,-0.5439574403237013,-0.33013030213884664,-2.3681602015998515,0.047594469628284106,0.9407911262759807,0.46231309301500634,1.9198003980078155,0.15067243151605947,-1.03438631154676,-0.8895167271503186,0.5457243128553753,1.0598490272442749,-0.41808847909318314,0.8123596596955883,0.18527850120270214,-0.029456395052416522,0.4637349634789209,-0.14628145521166,-0.0346618930293209,-0.10172423995992237,-0.21803106987522022,-0.2668725949522124,0.6151371700944316,-0.901209435115641,-0.7104510484228133,-0.6593906314849209,-1.1036546810736623,0.30111139906646434,-1.2513063833549196,-0.7669288468902201,-0.9498746166550993,1.1602922608796122,-0.9846906401742975,-2.3681602015998515,1.0435750440267142,0.07525356169321676,0.3329407826339044,-0.15790921682637307,1.27840913706436,-0.31627260935794593,0.9407911262759807,0.0667478083754919,-0.6044307937385995,0.6020425300338513,-1.2698479786950456
C6_P1_04,C6,P1,4,Medium,-0.39790605681041225,-0.5256529613514542,-1.8948458668183519,-0.32974411155745986,1.135758466901591,0.4616298923193973,1.7990296558583818,0.16031357226154627,-1.01913450347067,-0.4033740062339685,0.5967678146258133,0.3697734256316475,0.04006753999015378,0.8807001201400495,0.18527850120270214,0.061835536642171625,0.40471760944219454,-0.1397299661913812,-0.15356148825648466,-0.12683625821035746,-0.3985491201119818,-0.1750476510933902,-0.020993560385910003,-0.901209435115641,-0.8131159061337361,-0.6593906314849209,-0.5872126527952441,1.048356733740325,-1.1926356939346852,-0.9267033468852942,-0.4515941454355634,0.9201848961023432,-1.2090214990673522,-1.8948458668183519,1.0662454404407506,-0.19501081882224863,0.5370251104142089,-0.046151796897493505,0.2944634126970759,-0.31627260935794593,1.135758466901591,0.24695003639081534,-0.6686477464383406,0.4258182493558356,-0.578249391904868
C6_P1_05,C6,P1,5,Medium,-0.4801641659550722,-0.4571280616114932,-1.0003503735737291,-0.1684718646303079,1.0605649547057379,0.6975043883638342,1.9931485257873625,0.017549190041331462,-0.9712618878345836,0.5904153718208363,0.7370846097301823,0.8008522226245878,-0.2873232976894912,0.602022912140695,0.17082758542262197,0.14140100593806626,0.4466995981296642,-0.14595249368982885,0.019118998053247738,0.08968808193200573,-0.22218168556782325,-0.19713761400287455,-0.020993560385910003,-0.901209435115641,-0.6048318063173951,-0.6593906314849209,0.6233829875661628,1.1490266377466802,-1.22028110850933,-0.7181487890811377,0.5870574155115145,0.7642648456815487,-1.0490678679478758,-1.0003503735737291,1.1765967227382665,-0.011817593788673055,0.35000309238219046,-0.24213482413918394,-0.7303853671866308,-0.31627260935794593,1.0605649547057379,0.19737329684203417,-0.3654109185721259,0.4307101308167542,-0.8296182211263577
C6_P1_06,C6,P1,6,Medium,-0.4294657264935662,-0.5129578044442663,-1.58195581849256,0.15979575367221463,0.9388301770654752,0.5411840976953445,1.9200763463587118,-0.548689064687862,-0.9026887430426684,0.1453129616241498,0.9948266220606132,0.44822553163078865,-0.9085221495454481,0.8911350460765961,0.18527850120270214,0.042688290271412375,0.20852019741838063,-0.15009177067417317,-0.13034021013576974,-0.0437390748078245,-0.02127554978153389,-0.19800388705812755,0.6151371700944316,-0.901209435115641,-0.5826739233582379,-0.6593906314849209,-1.0791744982939215,0.30362170122249477,-1.156692680016805,-0.8559398224280652,-0.968427728615381,0.8504666516618641,-0.8339257222301959,-1.58195581849256,1.4795435303403788,-0.31459490091317227,0.48717656059585995,-0.7151906547579281,1.27840913706436,-0.31627260935794593,0.9388301770654752,0.26020978741854894,-0.6380890743564434,0.5321705453141916,-1.5205444813998426
C6_P1_07,C6,P1,7,Medium,-0.5040627112855355,-0.40929072972349256,-1.9639207040789624,-0.04170937446453363,0.8135914119297266,0.5293034401907917,1.8683588606756436,-0.026551055147761456,-0.9764969575969387,-0.3073700445124385,0.7064711743152201,0.9035005312036901,-0.4488127918769418,0.5690076561819118,0.18527850120270214,0.01547545451890821,0.3971551173996704,-0.22438631988518054,-0.052411014437551195,0.23981009109790624,0.0042302551698720076,-0.20623348108316664,-0.020993560385910003,-0.901209435115641,-0.5472213106234093,-0.6593906314849209,1.8389268559445673,0.5264249980282985,-1.1569139260514498,-0.8264626979853861,1.5888487986514794,0.8791841801369243,-0.8886511283219775,-1.9639207040789624,1.121925315188581,-0.10920874153298381,0.5151412798784536,-0.2961192118962287,-1.0363299172587705,-0.31627260935794593,0.8135914119297266,0.31519712721096244,-0.6126956273770109,0.5456697949468888,-1.1890088871418552
C6_P1_08,C6,P1,8,Medium,-0.48818453195267464,-0.47967479685456105,-1.4571998665860812,0.006385538744131337,1.2150715911266567,0.5413179013882168,1.800020710951878,-0.4069479633548199,-1.0166109818631635,-0.06029474987799975,0.6992588414094839,-0.2747890433738366,-0.9036640195950727,0.8142159725891165,0.2141803327628619,0.03323811062776868,0.16961046606476513,-0.16522317749875254,-0.07002523217776556,0.19258782963809495,-0.13351897831423318,-0.22789030746502392,-0.020993560385910003,-0.901209435115641,-0.666873878603123,-0.6593906314849209,0.47206889322511575,0.23443946754429484,-1.0657465406790345,-0.9291820289854356,0.42651790833709297,0.8061696302596993,-1.0218650195966779,-1.4571998665860812,1.2491650686387739,-0.4504834934511817,0.6334991353957644,-0.4838606915756276,-0.6474942896158874,-0.31627260935794593,1.2150715911266567,0.36912508440234787,-0.6887134037978246,0.38364843947447747,-1.5004994883949132
C6_P1_09,C6,P1,9,Medium,-0.4841836909686572,-0.22761597621759794,-1.6778672424295262,-0.16144717545010803,1.229686116700166,0.46724738985032943,1.8236395096680487,0.0383475877021676,-0.8690637492156355,-0.36469022753693875,0.5172002095649615,0.550011548396282,-0.6449678033773909,0.6720124318937726,0.17082758542262197,0.027195316539773428,0.17508345324720986,-0.19298633733769135,-0.10611302720473313,0.009300448285239278,-0.11322888508897117,-0.20406779844503245,-0.020993560385910003,-0.901209435115641,-0.51324589008605,-0.6593906314849209,0.6670961233353073,0.7528934106416967,-1.130629554148954,-0.6118057625890325,0.5836853458765828,0.8610662711805444,-1.12342733970816,-1.6778672424295262,1.0226909942768918,-0.022918503685561496,0.24200667457141276,-0.1778107825180586,-0.7378513607468489,-0.31627260935794593,1.229686116700166,0.08842722571737494,-0.663301884160081,0.40216447652613113,-1.2463191154132396
C6_P1_10,C6,P1,10,Medium,-0.5329095024770837,-0.40298541360042267,-2.0121765573504975,-0.10340092692595085,1.0748506649306209,0.4262301090724105,1.9030149620274754,-0.16425634430011504,-0.916675611987588,-0.1696622839619279,0.47409218539991765,0.1510433069832553,-0.5805755871365522,0.8818599011522081,0.19972941698278204,0.10057344176192143,0.10207106464326104,-0.16027720044343383,-0.14841326748184644,-0.09055129480105638,0.1119300545032669,-0.22355894218875666,-0.020993560385910003,-0.901209435115641,-0.6033546141201465,-0.6593906314849209,-0.4679054861337397,0.2444709371694539,-1.1882324124202122,-0.9245525956896006,-0.4550190584967051,1.040327768357481,-1.2314055797998584,-2.0121765573504975,1.4635428247535474,-0.36106619001594636,0.5392692615863025,-0.31724329297117754,0.3167640067816854,-0.31627260935794593,1.0748506649306209,0.16883231660166628,-0.7197823181243891,0.4824416304695755,-1.416659625185949
C6_P2_01,C6,P2,1,Medium,-0.7673013023547056,-0.7756260386172164,-1.438198951390531,-0.7911485454719924,-0.5202729145649551,-1.1770159597357537,-0.7669938419075313,1.640573045081144,0.1544516927164135,0.2852989347487128,-0.02108481395439058,0.7391905802218776,-1.739320952910746,0.6716731877640499,0.28643491166326224,-0.3191535448774843,-0.14354497845538558,-0.654585619397208,-0.7653570796162178,-0.15670477364770055,0.6381322349062228,-0.21316366552545396,-0.6571242908662516,1.3204433591975853,-0.2938828487901294,0.8221785650545785,-0.051033797662939556,-0.26924663611783556,-0.797142354401457,-1.185843578362119,-0.4268640262266699,-1.116244952533038,1.1743401891441827,-1.438198951390531,0.7020987958299525,1.394277062864204,1.2034932612227165,1.6798280313946448,-0.025092499070247652,-0.31627260935794593,-0.5202729145649551,0.6449598687319035,-0.771836196303618,-0.35928885587795045,1.9819541904363078
C6_P2_02,C6,P2,2,Medium,-0.5618146861713567,-0.4896244257068963,-0.48782376685985457,-0.36659457067446033,-0.438554821556745,-1.0363737749261437,-0.6635635778139082,1.6947828847621924,0.11109453113900133,-0.3341503625588976,-0.14754947478132102,0.563409113974855,-1.5042250998329947,1.0680393493298204,0.30088582744334214,-0.3777237390275029,-0.13649674402912254,-0.48889214592380237,-0.6449148310028788,-0.16540907054350043,0.5206990837907315,-0.19627134094749102,-0.6571242908662516,1.3204433591975853,-0.4046722635859139,0.8221785650545785,-0.05909993614035389,0.4703476447358341,-0.996665681685329,-1.1316087818914697,-0.3240833322880938,-1.4367251550782363,0.8494904826590431,-0.48782376685985457,0.4037971187051185,1.4588586293938544,0.9666944749221402,1.8466564661566545,-0.08317631790054239,-0.31627260935794593,-0.438554821556745,0.4811829674984061,-0.4512288918325192,-0.285672821712129,1.7838139000147533
C6_P2_03,C6,P2,3,Medium,-0.74359508877565,-0.5881969425962866,-1.8994845561392606,-1.0113897540072787,-0.48291120032029505,-1.0957421043620832,-0.8684655509785594,1.86522612250101,0.10030352506703466,-1.3900506599475135,-1.1381798916980408,0.40167222248702256,-1.7371098399683214,0.5774146699464067,0.27198399588318206,-0.28482798287249533,0.22510190099735083,-0.6803972961223855,-0.6643937865355437,-0.06550693741442987,0.5970411727671148,-0.21273052899769748,-0.6571242908662516,1.3204433591975853,-0.3285968654261111,0.8221785650545785,0.018662537568084735,0.10023715531758173,-0.7211650761052792,-1.1257034094377698,-0.37180196742031396,-2.1578045915458666,1.778048492492451,-1.8994845561392606,0.3690324001945111,1.6253747241236995,1.0912934148373552,2.155311400821227,-0.08317631790054239,-0.31627260935794593,-0.48291120032029505,0.6063434374593494,-0.7114898624324082,-0.3274056519497246,1.9432827892455191
C6_P2_04,C6,P2,4,Medium,-0.8032310921584076,-0.6982214601242468,1.1501863822719651,-0.750105732501834,-0.6763556877069614,-1.2170824083173037,-0.8762452270389095,1.677354755090337,0.15330690703604571,-2.125899355661367,-1.2471195561983734,0.371694073552714,-1.5043583853230078,0.719643919647948,0.28643491166326224,-0.3528605724984641,0.2500200586762848,-0.6049573369787618,-0.6158061871679269,-0.14275609938528347,0.5688564486298976,-0.32491288965549686,-1.2932550213465945,1.3204433591975853,-0.4401248763207425,0.8221785650545785,0.00644730619832707,0.0814149018033612,-0.8455657163797669,-1.1553908167682163,-0.33575155451375405,-1.613225735694036,1.1920201155371395,1.1501863822719651,0.5638732220668157,1.6035355270571559,1.0618424851857773,1.8961704159076815,-0.08317631790054239,-0.31627260935794593,-0.6763556877069614,0.5832797048719995,-0.44444141676867593,-0.3353537836087277,1.883372919588229
C6_P2_05,C6,P2,5,Medium,-0.7102893014585533,-0.8243408500273212,-0.8895623087269136,-1.0307779385497198,-0.7692934017920852,-1.130463888744519,-0.9839855899179715,1.802275079139133,0.2580395262746422,0.029011067317465635,-0.559028986346899,0.47739913752194374,-1.487687436197646,0.9065437424163292,0.28643491166326224,-0.3371445144498428,-0.21713137065166097,-0.602924708198321,-0.7529286253048464,-0.2499441245041934,0.35331365394725406,-0.20666661761092311,-0.6571242908662516,1.3204433591975853,-0.4977353720145077,0.8221785650545785,-0.09340058134439734,-0.27517160042776695,-0.8261783772370538,-1.3191469306713839,-0.38332197893159425,-1.0528562038794678,1.4415425212188104,-0.8895623087269136,0.5604243565457303,1.5603721075398809,1.32849894658398,1.988781775952498,-0.06446402617309181,-0.31627260935794593,-0.7692934017920852,0.6791593861829167,-0.4868847199760944,-0.3113620164077158,1.9294364442630907
C6_P2_06,C6,P2,6,Medium,-0.7989010406030258,-0.9752854913209147,-1.1455077454673541,-1.2526933404016574,-0.20873056265889423,-1.1808947359138209,-0.9098026118924927,1.4690903173282994,0.31175550862867085,-0.6381280916506624,-0.519824505717446,0.6604944579300189,-1.6665685285415188,0.8690111448419439,0.243082164323022,-0.3477655499895533,0.2270080362316789,-0.631108783775767,-0.8065540064946493,0.06219145227503227,0.5102951162290892,-0.276401598560261,-1.2932550213465945,1.3204433591975853,-0.44234066461661353,0.8221785650545785,-0.02713096780535168,0.0882498050911965,-0.8410070912844182,-1.2619412902488023,-0.36906230260941275,-1.8901949245643843,1.1035430836760705,-1.1455077454673541,0.6034549877701215,1.4572342578394704,1.3006025000417207,1.4787076125774437,-0.08317631790054239,-0.31627260935794593,-0.20873056265889423,0.7344693356602633,-0.911224740791812,-0.30495576448255757,1.7594440956484823
C6_P2_07,C6,P2,7,Medium,-0.7180704085480961,-0.7800093148216923,-0.6905563223257204,-0.17111649756471642,-0.3613525780358472,-1.1691635224885222,-0.8216266610966801,1.8422925108243342,0.058932898074046516,-0.009395516348650917,0.14234742199623898,0.5804539122973666,-1.4799745035276468,0.7624962043982969,0.25753308010310216,-0.2923956925433117,-0.16800171296887423,-0.6050112899027832,-0.626779964462218,-0.14611332297099042,0.6201579472397158,-0.18804174692258244,-1.2932550213465945,1.3204433591975853,-0.25252146726631014,0.8221785650545785,-0.017703378570137037,-0.06832371114416566,-0.7994578466213326,-1.1357264005914731,-0.36669678153183743,-1.3969782368397563,0.7220146049655097,-0.6905563223257204,0.626884416909379,1.4220638115470066,1.1645953795479667,2.0738717206644797,-0.07077076153308472,-0.31627260935794593,-0.3613525780358472,0.671965014730529,-0.6343062332374797,-0.30630650322088604,1.893023828411461
C6_P2_08,C6,P2,8,Medium,-0.5854722499907878,-0.9416991317757049,0.17396249409795375,-0.9321532245014333,-0.1368755245683067,-1.2655735102012167,-0.7806915998486855,1.7849164469931629,0.10229319880524035,-0.6069871449479628,-0.8450042166617112,0.9225589371199897,-1.2976057696123922,1.0949067424824237,0.30088582744334214,-0.21206071800252194,0.580709719856934,-0.4926651721675751,-0.6732214485570736,-0.20245027787197523,0.7603334164000477,-0.187608610394826,-1.2932550213465945,1.3204433591975853,-0.3175179239465334,0.8221785650545785,-0.010474321823239353,0.5226209631492484,-0.8746977721936997,-1.3187484372649736,-0.3266702446015009,-1.4872000495869055,1.077447955840752,0.17396249409795375,0.589315638012,1.3019636715881724,1.2929059981885522,1.8284733244107483,-0.0892774111960136,-0.31627260935794593,-0.1368755245683067,0.7126660177182611,-0.564163118564762,-0.3085582001472334,1.6981643702925708
C6_P2_09,C6,P2,9,Medium,-0.7180782085545135,-0.5988551277021599,-1.2723184560893406,-1.4277390503589835,-0.9411199627453566,-1.0729866628763736,-0.7869781447832654,1.87583243474751,-0.0009048809830849656,-0.3609488073804696,-0.13076379658701745,0.0708272632235572,-1.2163626805685932,0.8648475622481069,0.28643491166326224,-0.25898472327320626,-0.19474897579127676,-0.6086819293162079,-0.7282278061104874,-0.061681317489029205,0.8444774521436529,-0.1832772451184282,-0.6571242908662516,1.3204433591975853,-0.20008114426269066,0.8221785650545785,-1.4398845193227099,0.1274339580620598,-0.8041638812526128,-1.2108219350258118,-1.6742897984087586,-1.602038135862393,1.1678972342392107,-1.2723184560893406,0.4303368032451259,1.7337301899705269,1.2306355953464443,2.310697964138354,2.7846964188118077,-0.31627260935794593,-0.9411199627453566,0.6298408207489125,-0.7543825716335695,-0.30386275960804127,1.5680704764404485
C6_P2_10,C6,P2,10,Medium,-0.7909539013632677,-0.8068847593671161,-0.6094855955333758,-0.25632680778242795,-0.532093349611575,-1.1499280338789992,-0.909917558655614,1.725083370413445,0.18843200337853075,0.18190773461561044,-0.17289509862875077,0.5354388443798733,-1.3652724743105444,0.7230720236783741,0.243082164323022,-0.3371537172466432,-0.15798218575977307,-0.6588005304963952,-0.7658748772712853,-0.1587145011942694,0.711534610523188,-0.23048912663091456,-0.6571242908662516,1.3204433591975853,-0.3042231941710828,0.8221785650545785,0.025136008183624933,0.11725889554293092,-0.8163034205988193,-1.2434362570762552,-0.37487660018956576,-1.3324501482593312,1.4516598207229676,-0.6094855955333758,0.3660731155370465,1.5251341898227864,1.2812133299347834,1.8911675491325015,-0.0892774111960136,-0.31627260935794593,-0.532093349611575,0.6975823146148992,-0.5212328753096936,-0.3702898500575739,1.6732487442489015
C6_P3_01,C6,P3,1,Medium,-0.8426430418642715,-0.2899153745386464,0.021243694823435147,-0.06221308177736768,-2.012610787763584,-0.8254958371407233,-0.8686768791595921,-1.062536086750416,1.739744883648528,-1.12074294437725,1.2845318272756785,-1.3539081573137535,-1.0411688826806735,0.8700075469921913,0.011867511841741762,-0.28179255875166714,0.992151593618623,-0.7180825900861869,-0.8029060038739559,-0.10427840422567645,0.883771074112689,-0.2889625578616967,-1.2932550213465945,-0.16065850367789816,-0.21559166233423296,0.8221785650545785,-0.19953377727836208,-2.0725164722571705,-0.8690803876817205,-1.1532723916551364,-0.6394214731408958,-1.0235522855501378,0.4030135190949222,0.021243694823435147,-1.0967568336470435,-1.6195155085358681,1.1341202729307667,-0.8169796552166786,0.18265703283070028,-0.31627260935794593,-2.012610787763584,0.5269144206433477,-0.7102667825507084,-0.3131311286090786,0.08446464728122932
C6_P3_02,C6,P3,2,Medium,-0.7963444172984715,-0.5636078855062077,-0.4568180129270011,-0.01008325265969349,-2.251330701216514,-0.6805780765179025,-1.0292698197810375,-1.103792466352633,1.6179831572706433,0.22716914396691384,0.35485141457578945,-1.5762913097175086,-0.9508850901056343,0.8883203542090867,0.05522025918198186,-0.3230362583889853,-0.41571664428724403,-0.7132879844958192,-0.9004484277878924,-0.042853986140678424,0.536687697654616,-0.2547447721784026,-1.2932550213465945,-0.16065850367789816,-0.42313716605195156,0.08139396678482934,-0.2550761425977013,-1.9646527347393754,-0.770096860077905,-1.2717263912573074,-0.6228590201157617,-1.2227863870886069,-0.49531213952559444,-0.4568180129270011,-1.1914774698213129,-1.6851846024842234,1.3210783657096463,-0.8421535452784724,0.16410222177294928,-0.31627260935794593,-2.251330701216514,0.669750063541783,-0.8148507636377168,-0.34305385110167397,0.24277694577588466
C6_P3_03,C6,P3,3,Medium,-0.7703335667426987,-1.2660692636576332,-0.29757945973897665,0.4100012163757064,-1.9724936271513587,-0.7903116472328613,-0.958961706148861,-0.7731512272831448,1.7112678710650793,-1.456927135390094,0.6771875345061741,-1.7524033171346023,-0.8902956107726444,0.8433516745213866,0.04076934340190183,-0.2535276638953845,-0.40064629184494477,-0.6991587236042294,-0.8338370109762803,0.18287845115735527,0.6460135151284754,-0.1772133337316538,-1.2932550213465945,-0.16065850367789816,-0.28723548390229375,0.08139396678482934,-0.27947313758577547,-1.9128145562040995,-0.7350162711232703,-1.323970212270623,-0.6565844015538004,-1.6451576467021403,0.12762959405812832,-0.29757945973897665,-0.9348979385140529,-1.3399137509795662,1.5201285542597223,-0.4749013808140746,0.20172370074521698,-0.31627260935794593,-1.9724936271513587,0.8210652370766388,-0.8816204880064973,-0.3200154927250298,-0.03404677460589045
C6_P3_04,C6,P3,4,Medium,-0.7488575206752566,-0.6474460567912602,-1.0210760376790398,-0.6382290665161862,-1.3871235424609556,-0.6769355765980343,-0.7469023709081936,-0.7083957152550137,1.6225823582230239,-1.4440794734366638,0.9744186154511048,-0.8415680444721385,-0.9826432111824589,0.7872353970342416,0.04076934340190183,-0.35274862850287786,-0.45499219042316047,-0.7160693658008498,-0.8449340175363402,0.08659485769854951,0.801469564869932,-0.21099798288719038,-1.2932550213465945,-0.16065850367789816,-0.1838320300927447,0.08139396678482934,-0.22741899545431835,-2.027362146847078,-0.8491666012228793,-1.1364505526085587,-0.6482500602491575,-1.801849096975293,-0.02983108105872677,-1.0210760376790398,-1.123164540893765,-1.2695946613687918,1.1914743276245496,-0.5578017235185599,0.1921250699800325,-0.31627260935794593,-1.3871235424609556,0.6716782750618235,-0.7520469820199207,-0.29153775789134123,-0.056557767427026166
C6_P3_05,C6,P3,5,Medium,-0.6396971160939569,-0.3303169346379381,0.2925375050282682,0.1411539412751572,-1.4416585147471772,-0.612635873404344,-0.7770151600731046,-0.9506402793422651,1.8467605802193863,-0.7533376502324185,0.9239746242857185,-1.8625649737578622,-1.162759724105423,1.1165702475573465,0.011867511841741762,-0.28416345953979594,0.9871819580675936,-0.5893615080119395,-0.7600173219110322,0.1447853972973066,1.09145401598449,-0.13693163666145475,-1.2932550213465945,-0.16065850367789816,-0.011000543011009728,-1.4001752297546692,-0.8934051216854143,-2.0497033448257107,-0.9934481008479089,-1.124189727262959,-1.2217999271637026,-1.0901883494857696,-0.5114497505361185,0.2925375050282682,-1.2921608451694993,-1.4605044545389323,1.1054832130928265,-0.6033033492062161,1.3090027855586333,-0.31627260935794593,-1.4416585147471772,0.5399805557735622,-0.8128285149837705,-0.21358496718509126,-0.1857866785718953
C6_P3_06,C6,P3,6,Medium,-0.6455041828618054,-0.301247680877096,0.23784802934866545,0.3883578204687966,-2.0185353084019315,-0.8251885892954144,-0.881439592129019,-0.8130614516026466,1.906237910558166,0.11707242556841742,0.9273332564076936,-1.138679998995907,-0.8434818267805172,1.01782028298389,0.04076934340190183,-0.4021781433073623,-0.42418666014303197,-0.6377070104915195,-0.8498721332587436,-0.15320149503769862,1.2165610176090924,-0.0957836665360038,-1.2932550213465945,-0.16065850367789816,0.059904682458424834,0.08139396678482934,-0.14095086504178808,-1.8571446601235624,-0.859235210103697,-1.2020057791236536,-0.6008389106973808,-0.8440723834979404,0.1518500940058638,0.23784802934866545,-1.1761219081551706,-1.5108091145463778,1.2119208675336097,-0.6412314532085961,0.14603892888891357,-0.31627260935794593,-2.0185353084019315,0.5286162730741424,-0.6525872003971281,-0.26752106941160636,-0.006008903164685189
C6_P3_07,C6,P3,7,Medium,-0.8035658479195995,-0.9563694315958327,-0.42627051180664893,0.8301467669857683,-1.5471715566814404,-0.527218183616992,-1.0387187968343223,-0.9985514112359783,1.7076865305011621,0.56476523132106,-0.09817882838816083,-1.347466638417475,-1.0724579087071238,0.7748095342515745,0.04076934340190183,-0.2768186535453877,-0.3923474731623723,-0.728120169163371,-0.9144184510700916,0.2556137089996838,1.1273831319100478,-0.17418137803813608,-0.020993560385910003,-0.16065850367789816,-0.050884732337582256,-1.4001752297546692,-0.15224899745955744,-2.068689528476879,-0.8622208488115138,-1.2273941848105534,-0.6463987250869432,-0.9682106149484494,-0.19638957370483023,-0.42627051180664893,-1.0209600795494391,-1.3076085522773395,1.4001271023692667,-0.8084777621370076,0.17331694212933246,-0.31627260935794593,-1.5471715566814404,0.7575944264510749,-0.7927968641283925,-0.2894612455428862,0.016458455172846585
C6_P3_08,C6,P3,8,Medium,-0.8118193778567077,-0.5560773537173832,-0.02377553770600555,0.10639877523035234,-2.9287773592902235,-0.6279460659502392,-1.0334660696658309,-0.989268280785907,1.8249993174426902,-0.2349669079593588,0.31818777596863274,-1.3540608847287057,-0.8320983904799362,0.8993782786070614,0.026318427621821794,-0.34283307903706745,-0.40561580482582693,-0.7140222458388298,-0.8818557735393787,0.12112858690282821,1.0628785552806694,-0.16855060317911816,-1.2932550213465945,-0.16065850367789816,-0.0575320972254179,0.08139396678482934,-0.14987758397175174,-1.8573401019993196,-0.9056540367146148,-1.2284649104109582,-0.6247925869656122,-0.9255498078722069,0.07269658712904303,-0.02377553770600555,-1.0576944351071864,-1.978735677591331,1.3033724315492983,-0.701674507265639,0.15501036435465115,-0.31627260935794593,-2.9287773592902235,0.6209300469665326,-0.5115732831888539,-0.2014329043128366,-0.004664085787526147
C6_P3_09,C6,P3,9,Medium,-0.7227531118696225,-0.9972327500868491,-0.2923024716314635,0.013536064867168298,-2.361071753553427,-0.7615750410278486,-0.8660862831689558,-0.9924547453072314,1.8443822150070908,-1.0526372865733928,0.8863267219857237,-1.360212283558881,-0.6323301008347084,0.7309019305824794,0.011867511841741762,-0.3662544971397225,0.9321871468398532,-0.7210134440539698,-0.8291658793889793,0.17685869899678933,0.9289566254022595,-0.1464606402695033,-1.2932550213465945,-0.16065850367789816,-0.12917591879347676,0.08139396678482934,-0.19885133150937154,-1.708773041322376,-0.7578083941974795,-1.2552019378744748,-0.6485920944676206,-1.570419061957116,-0.43094231351236034,-0.2923024716314635,-1.0757097488746163,-1.8053609974221048,1.3920057630905203,-0.7345891253431286,0.17331694212933246,-0.31627260935794593,-2.361071753553427,0.7596869181822943,-0.5444283134944136,-0.28817203656947826,-0.08485367508979937
C6_P3_10,C6,P3,10,Medium,-0.8279498902917413,-0.7339717844744642,-0.9765797753632975,0.23594064719939203,-1.7876854682104055,-0.944241981410704,-1.0406672300456017,-1.0553279536601938,1.4926211899185895,-1.7340532132804372,-0.009602940407386034,-1.3117906271219228,-1.3974814385994385,0.9460554984384897,0.06967117496206189,-0.3263869383012383,0.9426441684144267,-0.6858092732367491,-0.87873481387725,-0.060971739241172544,1.0241668127214005,-0.20190211580689826,-1.2932550213465945,-0.16065850367789816,-0.11883557341252148,0.08139396678482934,-0.17316784539854474,-2.334023742886575,-0.8965943826249205,-1.2994340040545769,-0.6225626965409077,-1.6781862695155312,-0.3227998915095184,-0.9765797753632975,-1.136935748210792,-1.493922359098767,1.383117196038847,-0.7961945060255233,0.16410222177294928,-0.31627260935794593,-1.7876854682104055,0.6488195183616425,-0.8292387770677748,-0.3133935403696591,-0.12352133009507603
C6_P4_01,C6,P4,1,Medium,-0.7542437387652949,-0.33337243101322783,-1.1201414108111,0.6529714699313194,0.7667199848645102,-0.7739939126708578,-0.8061612244948045,0.5310859402434844,0.21922051728278677,-0.12779803034977744,0.5233732038191087,-0.32358707974291123,-0.6708265161032917,0.880656599884874,0.11302392230230199,-0.2832316967517134,-0.17349644253966107,-0.6290807760772233,-0.7707740326076864,-0.15211791209069936,0.9807377556362984,-0.23871872065608193,-0.020993560385910003,-0.901209435115641,-0.1668443198239557,1.5629631633243277,0.5246925610031133,-0.40817073892586064,-0.9591767721404131,-1.1556760910113015,0.037421552138896676,-0.9772064594268011,1.1493421856710222,-1.1201414108111,0.757800001957545,-0.704607493079158,1.0882115762395668,0.4723619329578739,-0.48917634447189523,-0.31627260935794593,0.7667199848645102,0.5273934276129971,-0.7513431409000941,-0.26516250846074485,-1.6028779440980845
C6_P4_05,C6,P4,5,Medium,-0.741991162552811,-0.2996181800141294,-0.6629311201369933,0.07948202181532882,1.0490548218744347,-0.7135058395126513,-0.9184014558203307,0.4910657542101465,0.26267367329754077,0.7624430769225289,-0.27797574121052665,-0.31750004555644024,-0.6004505558306112,0.7526100001092934,0.11302392230230199,-0.3302426211294299,-0.19242503892789226,-0.7281506923749509,-0.8808484296199091,-0.17944270262134315,0.6770383711436793,-0.1668180570683511,-1.2932550213465945,-0.901209435115641,-0.20894429744639734,1.5629631633243277,-0.9329671604300896,-0.2759657905031535,-0.7946397219830632,-1.1290026112095222,-1.260119480956466,-1.1107646507215625,1.4898500536750812,-0.6629311201369933,0.662663763893008,-0.5796269526660706,1.164831319972518,0.46968308441917395,1.3090027855586333,-0.31627260935794593,1.0490548218744347,0.5648007300256275,-0.5137666234532642,-0.28103962828770807,-1.5413221813589584
C6_P4_10,C6,P4,10,Medium,-0.7713181679206634,-0.6890680594121412,-0.3640996308054631,0.8362915998136558,0.8345068430742464,-0.8594722499468601,-0.8253055730540462,0.5213672822597244,0.04255293373611427,0.6251184889926228,0.3545083280787742,-0.533470447500359,-0.386375516995952,0.7917400197946215,0.06967117496206189,-0.12567084632324674,-0.16160207031908286,-0.6776760558903805,-0.720575026729703,-0.14687834359363594,1.0971035250360326,-0.2261577613543874,-1.2932550213465945,-0.901209435115641,-0.06417946211303097,1.5629631633243277,-0.8462983016307427,-0.2334500087700765,-0.9426815416194371,-1.1716395022039483,-1.2295079194506247,-1.1036309792291712,1.0586162417931535,-0.3640996308054631,0.8942549052152722,-0.7895147693255087,1.1906212953337962,0.5960439303168001,1.3090027855586333,-0.31627260935794593,0.8345068430742464,0.6403260883840675,-0.5545261535199918,-0.24489534231854548,-1.3890610929110474
C6_P5_01,C6,P5,1,Medium,-0.7749536676369506,-0.12273076321698552,-1.3600113581781406,-2.313931813308536,-1.4015953746175362,-0.8738068758003646,-0.74456271504917,-0.6034821102099238,1.630819897581276,-2.5838317491685077,-0.6377472883904646,-0.502961548915065,-1.3101121337919273,0.8442431799992568,-0.017034319718418303,-0.3742998574262851,0.7612240651971008,-0.6006871562098667,-0.5753151928132147,-0.2613611549892338,1.0738704463539837,-0.22399207871625318,-1.2932550213465945,0.5798924277598425,-0.10258645924235486,0.08139396678482934,1.6619402853048681,-2.3511803581924133,-0.8596043675345366,-1.0563765601290909,1.0478246901404233,-2.185831433246558,0.2613168956959434,-1.3600113581781406,-0.9762753217027278,-1.0665618183417072,0.9228679518327596,-0.5514356074163369,-0.9414768823326749,-0.31627260935794593,-1.4015953746175362,0.31953067906870697,-0.3712815365582775,-0.390790397272655,1.5192011509675603
C6_P5_02,C6,P5,2,Medium,-0.6691936460768644,0.1524004417336421,-1.1092898842192112,-1.4074996874983157,-1.4068555740778734,-0.6771493948190404,-0.7380062392452896,-0.47391891907617495,1.8125015752869609,-0.837736132569599,0.30919355934921494,-0.6340469313235029,-1.284804559091908,1.092957141478646,-0.04593615127857822,-0.4142814269125732,-0.4272326384570501,-0.5792413673429572,-0.6926341272439527,-0.20028698757470623,1.098743070296698,-0.14776004985225397,-0.020993560385910003,0.5798924277598425,-0.02355667668783604,0.08139396678482934,-0.8738734576293922,-2.0058116159121564,-0.9641141143824156,-1.0882222647740456,-1.200286214307673,-1.1263413229351442,-0.08864256079994037,-1.1092898842192112,-1.1970226541410494,-1.0004243433400541,0.9175468584360389,-0.382503407648451,1.3090027855586333,-0.31627260935794593,-1.4068555740778734,0.22099168920249182,-0.5627341892050479,-0.4088805008354259,1.3706536840137473
C6_P5_03,C6,P5,3,Medium,-0.7697779666789394,-0.23812702852486486,-0.5744136948297072,-1.885010933647891,-1.2363703524870926,-0.8450052773045813,-0.7088150886060159,-0.8260145902692684,1.3028738348597706,-1.125060307836016,-0.18603326646659457,-0.5422669067087186,-1.3081533144574868,0.8266123645870053,-0.017034319718418303,-0.2714103698312206,0.7717279994829421,-0.6336361442051971,-0.6432165899668236,-0.3073741223793589,0.9622299655765646,-0.20233525233439592,-1.2932550213465945,-0.16065850367789816,-0.12769872659600748,0.08139396678482934,-0.19883048754822993,-2.277457030152653,-0.897389228464978,-1.1335513361983334,-0.6052638668046567,-1.6427497622107243,0.3151025177854659,-0.5744136948297072,-1.070051831502459,-1.1878247902589099,1.048458580663872,-0.7158814365081572,0.20172370074521698,-0.31627260935794593,-1.2363703524870926,0.3887650026816187,-0.5466057249442479,-0.36976484707781665,1.5966161081910737
C6_P5_04,C6,P5,4,Medium,-0.7620881510190127,0.14673844890327564,-1.5291626346892946,-0.09595032132641737,-2.48151016077455,-0.7014853233476116,-0.7581179360251901,-0.6621830596183934,1.3670671005942898,-1.5718592374263192,0.9294129809180117,-1.1754511239947807,-1.3752284748281387,1.0013356711471768,-0.04593615127857822,-0.42916756081920227,0.7568363000521375,-0.6003376596592723,-0.6597034850510654,-0.18910687456446676,1.0629338063916014,-0.1772133337315233,-1.2932550213465945,-0.16065850367789816,-0.04276017525249799,0.8221785650545785,-0.1799768324165983,-2.310941662294778,-0.9285807235402145,-1.0243114060468719,-0.5881907272887259,-2.0075021497436474,-0.27114292331496537,-1.5291626346892946,-1.4619751234391334,-1.4237303918283624,0.872380600635043,-0.4340281063743967,0.1921250699800325,-0.31627260935794593,-2.48151016077455,0.19612999497298664,-0.36152416756417305,-0.38964555523840605,1.6655183841261412
C6_P5_05,C6,P5,5,Medium,-0.8658281697051597,0.11225958844418925,-0.3769269619598252,-1.3104758534974428,-1.3893299627803337,-0.7946029149272238,-0.6860493579982191,-0.6052237428869439,1.4917468294061489,-1.3117064424415497,0.18075538061675694,-0.5095006104030462,-0.9725785257536722,0.8086725967054511,-0.017034319718418303,-0.42547452089619425,0.7441062880095516,-0.6507635438567989,-0.5999093362116112,-0.2775722935900789,0.9065436244909594,-0.21922757691222947,-1.2932550213465945,-0.16065850367789816,-0.19860395206544396,0.8221785650545785,-0.2015316640892435,-2.2050587207931085,-0.8990964085795915,-1.084670987313215,-0.6071930609012398,-1.4761796052648024,0.3340521421831464,-0.3769269619598252,-1.0980371538222973,-1.2371406046990923,0.9494581286426576,-0.565101517382377,0.2213237020279721,-0.31627260935794593,-1.3893299627803337,0.22279405166478736,-0.4591969041578281,-0.3889752281392658,1.4234198981853385
C6_P5_09,C6,P5,9,Medium,-0.5849844621469008,0.18585606939546342,-1.2751520473641274,-1.592682148738049,-2.7229192702695935,-0.6635329779852779,-0.8156921259347624,-0.6589832045958082,1.4317427915236902,-0.5615064239576916,-0.5098490583146451,-1.2558694256965,-1.1252839789835518,1.2100566006718683,-0.002583403938338271,-0.43661359411680517,0.895382668291719,-0.49601098480784567,-0.6344312505003251,-0.37661473188434585,1.104127023376148,-0.07066174793313115,-1.2932550213465945,-0.16065850367789816,-0.0028759859259273796,-0.6593906314849209,-0.21371565330861586,-2.2959116520136487,-0.9501666938341048,-1.1715120498015907,-0.5705364277218374,-1.8005849975933785,-0.005731669413044075,-1.2751520473641274,-1.5878916313789866,-1.506216826715971,1.010604902462244,-0.38064942890446224,0.1921250699800325,-0.31627260935794593,-2.7229192702695935,0.24711426150059673,-0.4416611446859285,-0.37477368559204444,1.337453172396373
C6_P5_10,C6,P5,10,Medium,-0.7022527269167359,0.3418523554609509,-1.8619728123914765,-1.43629810563429,-2.6122320781627777,-0.9059274173097034,-0.6990061292931619,-0.6586786437340835,1.9534391950387826,-1.6863508096152664,-0.0574631103774492,-0.9963850623393636,-1.0417080402792223,0.9556316896558988,-0.002583403938338271,-0.3828201822516269,-0.08154294987358246,-0.5781651711150587,-0.6459535605485234,-0.37209172232618426,1.1412398197070566,-0.187608610394826,-1.2932550213465945,-0.16065850367789816,-0.020602292293340704,-0.6593906314849209,-0.17331503390930708,-2.1396116401658354,-0.9785545450856594,-0.9399086643100079,-0.5841267513622714,-2.1390507999805184,-0.1292260826573498,-1.8619728123914765,-1.7482594550187112,-1.228343058841143,0.7093560411389415,-0.5483130092877908,0.1921250699800325,-0.31627260935794593,-2.6122320781627777,0.08431191527063922,-0.4741932752212398,-0.36569719106986426,1.3215355023333961
C7_P1_05,C7,P1,5,Medium,0.28226431556151066,0.31082864312976016,0.1455270089144773,2.0883195608076726,1.0896599910842684,-0.6274897086154893,-1.193414397068849,-1.0813833535171449,0.386165029405886,0.8291857880550186,0.027420379126529,-0.4265899934995857,-1.5563939524250439,0.2934985353113942,0.09857300652222196,-0.4366789919272531,-0.29603464151996556,-0.7439208495375048,-0.3971276257637762,-0.61710670647115,-2.0840786070512314,-0.24261694940472325,-0.6571242908662516,2.0609942906353282,-1.6107996926647203,1.5629631633243277,-2.2732860281805576,-0.022828722447831844,0.5820645543710481,-0.510950441603502,-1.8830876238639824,-0.4247225255482675,-0.034451226750440184,0.1455270089144773,0.7916739704463889,1.4270074453615413,0.013612700188960358,-1.0538912237129225,2.864383875007478,-0.31627260935794593,1.0896599910842684,0.3766294925950241,-0.4513732898850006,-0.421467912379288,-1.8092462454558562
C7_P1_10,C7,P1,10,Medium,0.24613204172572933,-0.06843667710903234,0.5353933366967846,2.146446806865044,1.2075780476009186,-0.850397921988531,-1.1072621068591064,-1.2562722018412265,0.413372240895816,1.6716044368865217,-0.7918057527531316,-0.8282240258162242,-1.767325343176559,0.1965255546692714,0.09857300652222196,-0.23202400725360706,-0.30576484984257724,-0.8602803616621165,-0.6078978613343856,-0.49962994714290815,-1.8020775785250196,-0.21836130385697533,0.6151371700944316,2.0609942906353282,-1.3973454201577906,-1.4001752297546692,-2.0259166749577546,-0.13780266193714846,0.719142963221668,-0.5409724892676685,-1.800552037760064,0.06395340470205041,-1.0184423725707759,0.5353933366967846,0.8692085188696479,1.4563890768021415,0.21802708847860464,-1.1396103379838014,2.303823838320686,-0.31627260935794593,1.2075780476009186,0.6839428602031399,-0.28554250186476654,-0.4061712371317783,-1.9706756992800436
C7_P2_05,C7,P2,5,Medium,0.12421039868630773,-0.19735436882026855,1.9447361904985336,1.0850356672107968,1.626094162808197,-0.9839498197958336,-1.0377577037250343,-1.1234543748695542,0.3285968146740201,-1.0370492330261287,-0.7843820354686741,-0.8956539994603216,-2.3886560807263733,0.35475750770815795,0.06967117496206189,-0.3936220292080783,-0.725532877435518,-0.7951723458624115,-0.5336026461745822,-0.4645458917347753,-1.767377869805541,-0.27510218897725036,-1.2932550213465945,-0.901209435115641,-1.4741594144162158,-0.6593906314849209,-1.9969965114447223,-2.711697606827748,0.5402321743968054,-0.6367854022090904,-1.742956323982149,-0.516848185767574,-1.4800147782016237,1.9447361904985336,-0.1034491764800055,-0.428383707274872,0.30188423572586126,-0.9737005350370646,2.303823838320686,-0.31627260935794593,1.626094162808197,0.6672213622831169,-0.4564166251410622,-0.41675300050966313,-2.11032121363585
C7_P2_10,C7,P2,10,Medium,0.1954781598228628,-0.056895198021729945,0.6211194636491392,1.2455094013703472,0.6638150279647084,-0.7693234915399393,-1.0365188613448761,-0.8972506800556386,0.22891062851611377,-1.572451391344361,-0.09054099863443622,0.340100978451958,-2.165728799251097,0.5027905592552322,0.06967117496206189,-0.3208494252743478,-0.7198642424966729,-0.7366613708228993,-0.4204796471561604,-0.5392220382036386,-1.9291858411486835,-0.23655303801768895,-1.2932550213465945,-0.901209435115641,-1.564268138450314,-1.4001752297546692,-1.6306947465530564,-2.587190097599837,0.522699709448353,-0.6796313555504705,-1.3444634928853032,-1.3161473930005028,-1.0648090058763273,0.6211194636491392,0.09991514391224535,-0.4895655489685451,0.26898438819563986,-0.9507921330413216,1.2194071006825478,-0.31627260935794593,0.6638150279647084,0.5784221315681517,-0.167213869834366,-0.4390792642492061,-2.0863277020851494
C7_P3_05,C7,P3,5,Medium,0.12691971428834428,0.1704445348465621,-1.1883471085632837,-0.24494285535228116,-1.135989550507689,-0.6670259281255992,-0.7414653412944342,0.9164808487239887,2.5388443459694097,-0.9147348056071047,1.376655067309356,-0.6123398208010653,-0.37235774634668395,0.3417638780916985,0.011867511841741762,-0.3190327986501713,0.21434689979796284,-0.6691886299161164,-0.29696769591955463,-0.5444579797649155,-1.5601301071915261,-0.2491139973191247,-1.2932550213465945,-0.16065850367789816,-1.3796191137903753,0.08139396678482934,-1.9437099771485733,-1.4917506064156272,0.28415678077160345,-0.6008507271600408,-1.6701011065577887,-1.6828298176347394,-0.009966231769293543,-1.1883471085632837,-0.8355816939687214,-0.6966719555047708,0.13928625801507605,1.0924150385925888,2.3652887546240624,-0.31627260935794593,-1.135989550507689,0.46196035762047194,-0.26070382282434396,-0.28391189199887634,-0.7363144962970087
C7_P3_10,C7,P3,10,Medium,0.24831696994734237,0.04722485397926815,-0.9315990728219116,-0.12308524223322008,-0.5943482371179709,-0.8280949818932104,-0.6009381367144508,0.6752651299241924,2.430008921462545,-1.327460483324236,1.4508157197742453,-0.28369540838659785,-0.6650304289350087,0.43594614384393265,0.011867511841741762,-0.37460120445693923,0.22681721929231763,-0.6221968976829945,-0.3527275761825161,-0.44986243033245754,-1.4985423903475124,-0.221826396078119,-1.2932550213465945,-0.16065850367789816,-1.2961577546441143,0.8221785650545785,-0.8553687961393142,-1.7490298246813654,0.29458482217227094,-0.5346577525162162,-0.690119202840863,-1.9223293121322147,0.28270181641161396,-0.9315990728219116,-0.5550582047617743,-0.7909297784190285,0.11767372785058239,0.7357463066142571,0.18265703283070028,-0.31627260935794593,-0.5943482371179709,0.5511899834407568,-0.22587316712985092,-0.2884331843806997,-0.7230430800919845
C7_P4_05,C7,P4,5,Medium,0.13513876598341326,-0.2252704691029785,-1.4230995876369228,0.9460614374515808,0.799482714137592,-0.615603820816234,-1.099388570110251,-0.19428299537501548,-0.413459098881671,0.13402478219774597,-0.6522017884620512,1.1645409180978332,-2.0066573479741505,0.4663902536321615,0.12747483808238189,-0.211235352488471,-0.6987937059162772,-0.7813413368188471,-0.7769634709480118,-0.5195040692937809,-1.4117412084768175,-0.16855060317911816,-0.6571242908662516,-0.901209435115641,-1.2289455096680202,1.5629631633243277,-1.733537496260109,-1.2764799148127675,0.5277308720702427,-0.7075469167391881,-1.5816218778255744,-1.0211312152384509,1.2016275285785851,-1.4230995876369228,0.5321975734275971,0.10662719137321888,0.34289436470259466,-0.4843590016004944,1.70322379901341,-0.31627260935794593,0.799482714137592,0.6869448622131099,-0.6790605085591996,-0.3832455922373718,-1.9842820812393727
C7_P4_10,C7,P4,10,Medium,0.04236689541693158,0.5352190019092542,-2.175946271327197,0.8261812955315714,1.029710701870148,-0.8062781848823621,-1.087669835965575,-0.09097348540272591,-0.8307594963455192,-0.31627254875586336,-1.233210181632015,1.1043662649317398,-1.442544586874451,0.44985284297800304,0.11302392230230199,-0.46775909038810737,-0.685462310102049,-0.7920664659267833,-0.7059498885370302,-0.7670288238387938,-1.2470360441078807,-0.28723001175118956,-0.6571242908662516,-0.901209435115641,-1.262182334106755,1.5629631633243277,-1.5071432585061144,-0.6377198869582326,0.5435305141853511,-0.5718399669116093,-1.423283692610207,-1.0187734738784961,1.6473995872381302,-2.175946271327197,0.09441822610420864,0.43851108027420427,0.08373860429169122,-0.3817830449703379,1.3090027855586333,-0.31627260935794593,1.029710701870148,0.2789247147117501,-0.08004756187708503,-0.3434742697812927,-1.9942635628378096
C7_P5_05,C7,P5,5,Medium,0.24949334481822769,-0.30253680803555233,0.9259219785513302,1.8056956590205113,-0.5159084493750974,-0.5623347313549972,-1.2484537227818542,0.23044528494396416,1.1692231706941505,1.0113105825291822,-0.32424567935719734,1.056753456947485,0.16515097595186776,0.3419884168410171,-0.04593615127857822,-0.36073967951726676,-0.703589024989989,-0.7535214961501813,-0.4310805765338467,-0.36737108492579096,-1.7132039498902303,-0.19713761400287455,-1.2932550213465945,-0.16065850367789816,-1.3899594591713307,-1.4001752297546692,-0.9694763757747914,-0.9150469364969609,0.4509375162864908,-0.6112531566923097,-0.816920747951507,-0.33155424071950934,-0.272964437182733,0.9259219785513302,-0.9118377302478493,-0.09665926479565046,0.3373875715704735,-0.08678725914398072,0.23133074493642117,-0.31627260935794593,-0.5159084493750974,0.6916584805717656,-0.3959549756277715,-0.33127060211963644,0.22578308929340984
C7_P5_10,C7,P5,10,Medium,0.10574114103405532,0.7635246393993771,0.658736536560216,1.2491807790785872,-0.48267583490863064,-0.723692514380112,-1.2069954790357642,0.09174744047813478,1.0047244885496145,-0.8382656185397643,0.2680369458983053,0.832699278835768,0.36351786406511716,0.30680925164763395,-0.04593615127857822,-0.4394232934807037,-0.7193861370625424,-0.8090116866300476,-0.5206899498782174,-0.5593364068609931,-1.3904413106387352,-0.24391635898773384,-1.2932550213465945,0.5798924277598425,-1.2629209302053794,1.5629631633243277,1.0899343295095412,-0.857430235255067,0.3414044498877012,-0.5005922055498835,0.9080387600596471,-1.0171212266909144,-0.12531226894573563,0.658736536560216,-0.7416387279920289,-0.2734092390176804,0.08596182609728968,-0.17856840353693323,-0.9620120479320409,-0.31627260935794593,-0.48267583490863064,0.1624729735217786,-0.20225621192256868,-0.3661888852152996,-0.33563231507065044
C7_P6_05,C7,P6,5,Medium,-0.20739300684800852,0.3278238754020188,-0.17640803084004578,1.1415413089966293,0.8673720518380373,-0.6325782916391778,-0.9727848545811777,-1.0738139860493179,-0.7847918138132016,1.1709487967739447,-0.10232797622271374,-0.7519583613336556,-2.7711294414613215,0.45828558390101315,0.12747483808238189,-0.2859101163546292,-0.7233939758305848,-0.8887456740546682,-0.773009762318708,-0.47437927292074267,-1.3083846392349778,-0.15642278040504953,0.6151371700944316,2.0609942906353282,-1.0708859445589824,-0.6593906314849209,-1.447440572508599,-0.10441379524006934,0.05472432748092907,-0.6776123920660369,-1.4164633574449446,0.13631535596352387,0.2152457835027987,-0.17640803084004578,1.322315170669122,1.612498028997213,0.44650504983357403,-1.0322488356291233,1.27840913706436,-0.31627260935794593,0.8673720518380373,0.38126707466077825,-0.40339694089347367,-0.32517955428964973,-2.3483059487981612
C7_P6_10,C7,P6,10,Medium,-0.08065929778546764,0.04623397184968597,-0.17988089489865858,0.6035061630689867,1.2394014627902827,-0.8664264302063048,-0.9257546083465847,-1.1377566857055286,-1.1258841974136926,1.2222923661821472,0.8279385175604292,-0.0248976643286687,-3.527556300526241,0.5486477894151157,0.11302392230230199,-0.3066528677268614,-0.7107449792322953,-0.8470878939059919,-0.66257648992222,-0.4097508180870669,-1.712263233609453,-0.13996359235484307,-1.2932550213465945,2.0609942906353282,-1.3079752922223165,1.5629631633243277,-1.9746742271666005,0.05564041346022756,0.1983657281202287,-0.7641102139788728,-1.7676630713406993,-0.6245307722042913,0.6172057589177375,-0.17988089489865858,1.3106160663442281,1.256207709008003,0.5497410289224111,-1.1054478734319968,2.303823838320686,-0.31627260935794593,1.2394014627902827,0.5263837355229349,-0.5601585289698781,-0.3403310740405877,-2.4435259053636886
C15_P1_03,C15,P1,3,Medium,1.3116512586633762,4.289154360482885,-0.38032648600276703,0.8198572607662664,0.1392652476986035,1.5684510002915306,0.05649507884350944,0.5136803254405485,-0.5770118745235452,-2.4612509567413654,0.9952700133933283,1.3844570381140344,0.8650261018219989,-0.410349081136113,2.468523194455345,2.011725560652065,0.6169196977413628,3.787727712924046,3.5859404352350137,0.2864047827626512,1.4851212707515893,0.8350267313539158,-0.6571242908662516,-0.16065850367789816,1.7091897707208166,-1.4001752297546692,0.7549446913517185,0.3598101526462715,-0.7177211050669058,0.8861694479875757,1.4011775222169411,-0.16923287343815152,-0.7412608064753008,-0.38032648600276703,0.42210180536212094,0.19009055606577063,-1.859874133831836,0.16211852037182947,-0.6839327023957168,0.9144403705349325,0.1392652476986035,-3.7568061411832563,4.492966205444869,3.5154821951717765,-0.5537800286468083
C15_P1_05,C15,P1,5,Medium,1.3001589644945255,3.8786179811571606,-0.36823069042874795,1.2855855642547256,0.269382899969596,1.4676267586759881,0.022868318724714565,0.7960695568372902,-0.5140048057391187,-2.723509011481233,0.4206262848670842,1.3094433018247176,1.1550268601562954,-0.446754160924282,2.396268615554945,3.0211574771764234,3.2068881410420556,3.407068948505063,3.3529329500194227,0.3975469891018781,1.586854738725969,0.8436894619067115,-0.6571242908662516,-0.901209435115641,1.7379950185678095,-1.4001752297546692,-0.5583952904821927,0.6137285850994959,-0.6964353415763607,0.8804497469570968,0.1515861383674707,-0.07488787139915025,-0.6883204983694811,-0.36823069042874795,0.3055547590178191,-0.05610996416990951,-1.7731667088803404,0.48310824465139607,0.45238062771898585,0.9144403705349325,0.269382899969596,-3.3896016552734274,3.7276637118519513,3.641697773789773,0.02014957785473491
C15_P1_10,C15,P1,10,Medium,1.2665018582497138,3.991804898538425,-0.3589083162381239,1.5314537825343864,0.37655575810549996,1.401520357721269,0.028471403862452543,0.4094193551484955,-0.17744563868277385,-2.275157917326445,0.10582482657809018,1.598617613134869,1.119917811181474,-0.4382793917266923,2.4107195313350247,2.9470088784793784,3.2709346724373627,3.381016594886729,3.3894476431282388,0.21131972347836378,1.4774239905831512,0.828529683439385,-0.6571242908662516,2.0609942906353282,1.6781687345779526,-1.4001752297546692,0.1680473967291436,0.7570171548247904,-0.6867434996876566,0.8527363082799836,0.8116838196967724,-0.09038946557292121,-0.8367142398291361,-0.3589083162381239,0.24130144787708557,0.4678219764300027,-1.7938981963383025,0.011106192125335887,-0.3275604540663461,0.9144403705349325,0.37655575810549996,-3.4903417962934675,3.765292371985623,3.8368374086345263,-0.09967572850563697
C15_P1_09,C15,P1,9,Medium,1.212674897339561,3.820566830502949,-0.3360906484684833,1.5088294224541385,0.3622289222045526,1.487231449464522,-0.014816390077866774,0.2949004493361446,-0.321380818577878,-2.7427386524895376,0.21839239234079594,1.4490743264664303,0.5299785512128282,-0.4617359740314619,2.555228689135825,2.818543798812348,3.268982831780566,3.325636929200245,3.338181237590437,0.3401319497623193,1.6159263446538596,0.772221934846736,-0.6571242908662516,-0.16065850367789816,1.7247002887923588,-1.4001752297546692,1.0472908701606476,0.5059761738338394,-0.7172641701155456,0.8818877624344167,1.5604286297052663,-0.1548355955596759,-0.7501786221403769,-0.3360906484684833,0.3543609737103536,0.1876319848841623,-1.787266729851494,-0.06793324522338316,-0.8972909545149736,0.9144403705349325,0.3622289222045526,-3.3700871445320306,4.032562864278624,3.715779416587798,-0.7508540464284621
C15_P2_01,C15,P2,1,Medium,0.5139613916462981,-0.5493762695949757,0.22182393617539375,0.14649580991174957,-0.476823511319636,0.29967062435722336,-0.28933516924026964,0.08336841260492144,-0.708403076183799,0.8632627305540873,1.2018554250498497,1.1479251959181564,1.0157591595974649,-0.32368375681058,-0.8913147244132593,-0.020692826970604036,-0.6267362684702487,-0.014533692737525463,-0.07902862242234215,0.09586824612303098,1.5658158283950196,0.8280965469117579,1.2512679005747749,0.5798924277598425,1.760891497625591,1.5629631633243277,1.712309852455841,0.6827195566106874,0.17949682653917418,0.7728387742426667,1.2840036895611286,0.7799436321950474,0.7869039679799572,0.22182393617539375,0.5399957390030303,-0.06517233496324179,0.14092965550938502,-0.24400110740436468,-0.9868983665749436,0.9144403705349325,-0.476823511319636,0.5201791874462833,0.248422323618805,-0.5629174203875613,-0.03539140625834987
C15_P2_03,C15,P2,3,Medium,0.5289745702064147,-0.5164598156657728,0.21841091752808645,0.8734558365663208,0.1428590382187302,0.20419456929651683,-0.3146273617096668,0.011868232228877867,-0.8381452299748213,0.9443406759006595,1.1521096750975837,1.507596556595763,0.8122546461721017,-0.2526555914269296,-0.9491183875335795,-0.1667869576800861,-0.6157930676156421,-0.008640010081690309,-0.014736514845028642,0.13458038985730242,1.4926140753459554,0.9030291661927465,1.2512679005747749,-0.16065850367789816,1.7025424058332015,1.5629631633243277,0.843629326565355,0.2522716600791117,0.27250660019226375,0.6290754390481085,0.526294277090985,0.8548399625038154,0.6675022614263248,0.21841091752808645,0.24728674838150935,0.12171896382951303,0.28749400934172525,-0.3508125020802333,-0.72042400111572,0.9144403705349325,0.1428590382187302,0.5706033268324099,0.42225101011441984,-0.6062642623574487,-0.6489938967734874
C15_P2_06,C15,P2,6,Medium,0.612465558602892,-0.39285792605733544,0.07646207781832279,0.7178710367812192,-0.9075292423369223,0.17059950061659668,-0.4443583722130006,0.17451596098880395,-0.8819379693940332,0.638675938649292,1.4363574743254126,0.7344304329366785,0.33437666138183825,-0.26682004535723736,-0.9491183875335795,-0.168148630783849,-0.5751699035925549,0.02160393155066216,-0.06152303963111364,-0.06604556659025297,1.6504515674442153,0.9025960296651195,-0.6571242908662516,-0.16065850367789816,1.8849756421970467,1.5629631633243277,0.8703665170771328,0.5428389411394563,0.3118887752172897,0.7481727730735496,0.5357708260361618,0.7187667138097072,0.4757678782800177,0.07646207781832279,0.29142458309151287,-0.029157197833249073,0.1751639456181645,-0.10212580463637701,-0.7192910167425379,0.9144403705349325,-0.9075292423369223,0.5437115545808576,0.6126850174920438,-0.5804611590794067,-0.2498213130326898
C15_P2_10,C15,P2,10,Medium,0.5531638280392477,-0.2818399294686294,0.08733424650945874,0.5711106484950522,-0.28705229226502416,0.24675813471199354,-0.2214259922809804,0.02531413284059571,-0.8658283695416595,0.9260835467467565,1.4678711170516723,0.9837803664737982,0.8566518432901176,-0.32474894089198686,-0.8624128928530992,0.002591874417183693,-0.643154858286426,-0.010599820210914192,-0.057657441597950596,-0.034610290993478655,1.6424825701679835,0.8896019338360578,-0.6571242908662516,-0.16065850367789816,1.8244107621085675,1.5629631633243277,0.8789691071955937,0.8815352437766959,0.21315936919409353,0.7152875151567855,0.5315487331201233,0.6451211195024951,0.5404794777627877,0.08733424650945874,0.3188202575498772,-0.030942191742506387,0.1974802920261462,-0.2510651896662121,-0.72042400111572,0.9144403705349325,-0.28705229226502416,0.49668947300276217,0.3390661582431675,-0.5966412822571053,-0.26789251832952227
C15_P3_01,C15,P3,1,Medium,1.3132189421211795,2.4466303414428294,1.5153234292604885,0.038636853372849306,0.2567767194187527,1.5907346354832375,0.43564756379294195,0.7841301886179007,-0.643967334667073,0.685490124382006,1.1785486348768561,1.4997850429359598,1.0353784549137843,-0.24854108011133266,4.9757570822992285,9.83001176504437,0.32308567822726775,3.104057992532389,2.9986866180136222,0.11478861204863676,1.4403833852054801,0.9368138153484137,-1.2932550213465945,-0.901209435115641,1.7668002664148024,-0.6593906314849209,1.3132596628456858,0.17349198610036978,-0.6871073495078714,0.8464923056199708,1.7868629888598,-0.0020670709462929007,-0.6882788827839553,1.5153234292604885,1.0642724034043574,0.08913378290436079,-1.6772629150825153,0.41673203954955246,-1.0095893813375605,0.9144403705349325,0.2567767194187527,-2.987676873337512,3.653426348970495,6.364506794650867,-0.11662804273989566
C15_P3_05,C15,P3,5,Medium,1.2517847818422796,2.109784516615105,1.5386418149705223,-0.5575723037777961,0.4663562839479303,1.354631641232144,0.497016962562226,0.5518256724113708,-0.26005481099601435,0.714756336572406,0.8613289196133762,1.2968958313686034,0.988787782316964,-0.4707439541450945,1.5147627529700636,2.011171503527402,3.290745387993512,2.509382570840598,2.7392758340194776,0.1414203430620497,1.4807444023478527,0.8575498307910272,-1.2932550213465945,-0.901209435115641,1.7069739824249455,-0.6593906314849209,-0.5810688913268245,0.34782480296419116,-0.5322337769362356,0.8560595316816687,-0.02024287664062602,0.09927878871175932,-0.4942622811145038,1.5386418149705223,0.7352232434883742,-0.024979801639763505,-1.5767716964755005,0.2013010602689105,0.4796873553006512,0.9144403705349325,0.4663562839479303,-2.6299244117519125,2.836156720160866,0.7389842876789696,-0.5142279865024533
C15_P3_10,C15,P3,10,Medium,1.0458369304870603,2.348687701898872,1.3579395881693033,-0.06742862253162991,0.3181239162609297,1.2577540003224685,0.27503118492188905,0.7104334077578933,-0.3888791902265077,0.9540754457370563,1.0046305363092833,1.0127335273090547,0.9205848858042552,-0.5061003866576725,1.5292136687501436,0.9442651184260106,3.418136932673896,2.5615817850575744,2.766568019217123,0.16210668582642307,1.180266811186365,0.7323733743040345,-1.2932550213465945,-0.901209435115641,1.4285232532377903,-0.6593906314849209,-0.7603433260033023,0.8131986769733736,-0.6638209998544006,0.8390674631863139,-0.11714335216613234,-0.02814840123476095,-0.7136189591023863,1.3579395881693033,0.5679965280983533,-0.2581243427926506,-1.604387629009761,0.40837153394409836,0.7173331684524077,0.9144403705349325,0.3181239162609297,-2.766668743253591,2.9563529511979043,0.8576553132160717,-0.12478229295485019
C15_P3_12,C15,P3,12,Medium,1.273623747360206,2.2256703079871007,1.4623850336904733,-0.24248034809180147,0.31248945031478365,1.294393112405017,0.4077629730228282,0.41991421807312385,-0.34663310881175863,0.8525031794994145,0.9220195223938027,0.8994070880161671,0.2842760213023056,-0.271916918042397,1.3702535951692636,2.0691207522583555,3.305794256211239,2.6962366380619067,2.773901599291432,0.2795963215101646,1.394751511387384,0.942877726735448,1.2512679005747749,-0.901209435115641,1.721007308299241,-0.6593906314849209,1.3484455065291463,0.4815181428416481,-0.6602541931839928,0.8376430009004634,1.748203106147154,0.14230210370316257,-0.8676603221590171,1.4623850336904733,0.6567909578754905,-0.3930010700925725,-1.5335178344611589,0.13019506693985583,-1.0085164537196816,0.9144403705349325,0.31248945031478365,-2.5898252435869167,2.8673106768438092,0.8098557315298991,-0.8500085017036177
C15_P4_01,C15,P4,1,Medium,1.1006341228702368,3.2246472406107562,-0.5898150544311768,1.0128399653364943,0.33085053714326396,0.6571220603626099,-0.4709587329126653,0.11178398094486897,-1.177709552897314,0.5144380982763995,1.3416986169830578,1.2236699994511282,1.124592403725386,-0.33440744275142614,2.2084067104139047,1.8924956148510783,1.9301849993286568,2.943281927440148,3.0832481844587907,-0.17516367540782882,1.4313081147958138,0.820300089414346,-1.2932550213465945,-0.16065850367789816,1.5865828183466073,-1.4001752297546692,1.4768940705026246,0.7172669653923882,-0.20535929059793492,0.8347092072979256,1.9039828963864533,-1.2110982065882763,-0.007347929591744333,-0.5898150544311768,0.7981362457353887,0.02551085991444803,-1.5484885261870274,-0.20989277641793028,-1.0367228919349045,0.9144403705349325,0.33085053714326396,-2.8922739834708504,2.375276342060589,4.0040020938692,0.010211579781150825
C15_P4_03,C15,P4,3,Medium,1.0034456013106048,2.894105566735148,-0.1726155299285077,0.23954789153396577,0.3651713861965377,0.9132391760677742,-0.5263531325702746,-0.31762540161737063,-1.321292545344977,1.129537023473215,0.9468832538673035,1.3716496594526815,0.6422803741068409,-0.3372669681088056,2.2951122050943846,1.772581136479127,3.4631230240341853,2.680849608173539,2.9037925056816754,1.1125640139204815,1.3742630777948142,0.8354598678815429,-1.2932550213465945,1.3204433591975853,1.593230183234443,0.8221785650545785,-0.679744606077469,0.2901143302845811,-0.3415387611976003,0.820984937556083,-0.05512771924730131,-0.857972098731717,0.519714925636793,-0.1726155299285077,0.9280724720126243,0.46139800338879905,-1.4590915470828618,-0.6117124188527857,0.61463622776897,0.9144403705349325,0.3651713861965377,-2.61112360431111,2.5925354639450484,2.6489401036786604,-0.6409493734620276
C15_P4_09,C15,P4,9,Medium,1.015868154098706,3.1329302477487815,0.039770004099570294,1.0197817738966017,0.11635753599610954,0.9450100161295576,-0.707557314956872,0.033077816164708805,-1.1366750995158406,1.4637497616136952,0.8964847928473247,1.4404883506871715,0.9612142335966135,-0.36015927047022456,2.1506030472935844,1.1687029356023777,3.398065983724085,2.7583488535867686,3.0010209190462502,1.1640233771473045,1.414078595166381,0.8306953660776486,-1.2932550213465945,-0.16065850367789816,1.6515792750270533,1.5629631633243277,-0.6689944104762716,0.19677135431520817,-0.3296013372757583,0.8586425470336513,-0.03712027780573627,-0.624084026188007,0.545863139609483,0.039770004099570294,0.6836944622202379,0.12421740791270411,-1.513536102195133,-0.3226331166544676,0.61463622776897,0.9144403705349325,0.11635753599610954,-2.793181047381382,2.618511561686246,3.6426718342567574,0.3395080851475276
C15_P4_12,C15,P4,12,Medium,1.0490820357078816,3.161259304676895,0.030937126990193877,1.175869238606532,0.43813426016143964,0.7188503200516189,-0.47224062321146404,-0.15189417048029216,-0.8221378208526249,0.9569203986943008,0.8781131120680822,1.2952463989914191,0.897299681699184,-0.3688810247440507,2.092799384173264,1.7854986033246971,3.5071042104902803,2.775853925362622,3.017850389657055,1.0931678234890392,1.247069952411618,0.8172681337208293,-1.2932550213465945,-0.901209435115641,1.5865828183466073,-0.6593906314849209,1.3367635953815087,-0.047480678692552576,-0.36515512915623677,0.8692612953931738,1.7789781633301829,-0.9239218346338629,0.13958025651077066,0.030937126990193877,0.49630216796193666,0.1540095847387481,-1.5355700821612057,-0.47132761588643785,-1.0014295487288727,0.9144403705349325,0.43813426016143964,-2.8209540727784423,2.8138798791321986,2.8522828832268607,-0.3854771783377301
C15_P5_01,C15,P5,1,Medium,1.2649913119116987,1.0934562412679982,0.5303071203661486,-1.65535226589015,0.5499855287142522,3.799170339218715,1.6252951239731341,1.021105552777084,-0.279708007115038,0.8424427046923136,-1.890016656114218,1.0203906397655316,1.1851346668777714,-0.13117111116157734,1.6448209949907837,0.43216380160485324,2.3808105891944153,2.249975267605187,1.8839816618621685,0.22463282810269308,1.669597985580323,0.9502410477049731,1.2512679005747749,-0.16065850367789816,1.8598633748433941,-1.4001752297546692,-0.4274172053189305,0.36581246527971395,-0.38297778286878004,0.8704725296192699,0.02973766884124998,1.0703889900935186,-2.82505335220325,0.5303071203661486,0.6227672576435515,-0.023563734666103283,-1.2097640200632709,0.8417864705608714,0.3167640067816854,0.9144403705349325,0.5499855287142522,-1.399858133761691,0.8594717362847029,1.0130690388416401,-0.2552983297373776
C15_P5_05,C15,P5,5,Medium,1.0432167546196367,1.0590453635085624,0.587399511659301,-1.6684747590822895,1.0429617644036002,3.7976691216972944,1.5206268881713685,0.7745898715822434,-0.4336688180869779,1.00180869230402,-1.7904730764040697,0.749578309986129,1.0187705231864477,-0.3648270345546619,1.7170755738911838,0.4093113408427929,1.7263585070410938,2.0930558665950145,1.8498634224323094,0.16065309243664333,1.3495779837947854,0.7202455515303552,1.2512679005747749,-0.901209435115641,1.5319267070473395,-1.4001752297546692,-0.7053702622152835,0.9157139851179279,-0.45547556362465574,0.9046355136228221,-0.19760929730197282,0.9871785047080058,-2.737091502786383,0.587399511659301,0.5032146399371024,0.033045129769034474,-1.2805105693394687,0.6416477846858866,0.6994171912615278,0.9144403705349325,1.0429617644036002,-1.4257191663018196,0.9005835547753305,0.9762825052272568,0.13548129742237405
C15_P5_10,C15,P5,10,Medium,1.125408842720785,0.9710451667925947,0.598544165584045,-1.6282882757296688,0.5342471095667705,3.5566786223050744,1.4697910331936401,1.014704383482777,-0.22986284812269434,0.8736945113729959,-1.885123390584832,0.5078904336649416,0.6031573017279226,-0.2308076691023795,1.7459774054513442,0.6267071747012973,1.7336343170389399,1.9358969368975258,1.7010536523202537,0.41696730403978177,1.339242692952134,0.8991309374439759,1.2512679005747749,-0.901209435115641,1.7475967678501403,-1.4001752297546692,0.5775757587679229,0.3102294043865573,-0.4604644456250659,0.902728636002972,0.9093495386049089,1.0349641712491326,-2.7813456095939704,0.598544165584045,0.6219536375215757,-0.47058550072110766,-1.158120984852003,0.9464422081318996,-0.5931002318703833,0.9144403705349325,0.5342471095667705,-1.28523160963274,0.8129192707491252,1.5672329072203435,-0.784111050466494
C15_P5_12,C15,P5,12,Medium,1.1721125480608572,1.1417707532707917,0.46364897881320716,-1.8370864054755405,0.7227059985680427,3.6542075306281374,1.321524502744898,1.072451996190639,-0.4501251195526216,0.767439493372946,-1.985088914766734,0.9875529560004719,1.0349858292265843,-0.24706542652530403,1.7170755738911838,0.498606746279488,1.900414943997381,2.08579204482354,1.8833138742799882,0.16195479704696525,1.5121178081497522,0.9064942584138902,1.2512679005747749,-0.901209435115641,1.7505511522446358,-1.4001752297546692,0.5941451135768825,0.5255601733360568,-0.49459300620954394,0.8728400458698317,0.9286802967423844,1.1470683624757727,-2.88937102845792,0.46364897881320716,0.6208877930883914,-0.05262428483794335,-1.1790702708814769,0.9057062704293062,-0.5931002318703833,0.9144403705349325,0.7227059985680427,-1.3479781946681402,0.9822238286454986,0.8600096293901016,-0.3284521526475268
C16_P1_01,C16,P1,1,Medium,1.1252820423060836,0.3943894015407916,1.1799786735034135,-0.7344383788972229,1.191245118099598,1.7687854342976936,3.5328254419254796,2.3191816615959766,-0.05491900906294965,0.8209932315991539,0.6364919487242768,-0.13998819454728723,1.0652828365991396,-0.3367336071894348,1.5725664160903838,0.7440415912961176,-0.04141669537161693,1.3631762454113192,1.1254485200981466,0.49143000959227273,1.274388338070013,0.8506196463488693,1.2512679005747749,-0.901209435115641,1.6153880661936004,0.08139396678482934,1.6086674986717253,0.13236584396301856,-0.4895347899666925,0.862088114741548,1.695336667839304,0.6986896765208054,-0.48949655002935016,1.1799786735034135,0.845010656511721,-0.35570982193689404,-1.0239763486963107,3.3573258541274957,-1.0255521293616836,0.9144403705349325,1.191245118099598,-0.8019346540978856,0.07394679549481616,1.278422292817691,-0.13118997966116241
C16_P1_05,C16,P1,5,Medium,1.034743487783474,0.5327733367711635,1.1357917168290828,-0.5603895493585785,1.0664825617306475,1.8918145105089903,3.229929589431303,1.8435678626904972,0.08227639318948735,0.8186973551306191,0.7866175941358421,0.16778927169611776,1.0019704358614834,-0.39828091032144497,1.6592719107708638,0.4108387006888619,0.34292390771180964,1.185560450218973,0.9595401521980261,0.6816179521770706,1.4559302917587038,0.7908468055350766,1.2512679005747749,-0.901209435115641,1.5577775704998351,0.08139396678482934,-0.565670443489817,0.1657355160531737,-0.245189174230525,0.7728029302836739,-0.3181121279846986,0.7606862776033775,-0.5278531007335877,1.1357917168290828,0.7642869748215969,-0.28257025282313253,-0.9494257598967897,2.1987708391306033,0.46592207869186103,0.9144403705349325,1.0664825617306475,-0.7382562464082857,-0.03379770113427579,0.975021657255429,-0.24525829360161902
C16_P1_10,C16,P1,10,Medium,0.9740890237176824,0.44296460364232043,1.1473713632268112,-0.46785898465520553,1.1875720213024767,1.7597293000590786,3.0966151457172693,1.7151004438463924,-0.28882167628711086,0.5440711091435225,0.8575934384501607,-0.2901869882643506,1.1676882837460463,-0.24963246783547613,1.6881737423310241,0.31902360650579575,0.3087461982918389,1.1580948858425681,0.8874064492990721,0.543404136144134,1.1918661652298583,0.8558172846802602,1.2512679005747749,-0.901209435115641,1.503860055298969,0.08139396678482934,0.5516323678358206,0.45760513199472513,-0.2460182797094706,0.7619404021198211,0.7134902086261274,0.8958599903890899,-0.6425830283831263,1.1473713632268112,0.7978924272729264,-0.4004855157988879,-0.867617628484965,2.28134776129616,-0.5984840439334133,0.9144403705349325,1.1875720213024767,-0.6925219176737872,-0.00533155295700709,0.6269294567497737,0.39837702247280055
C16_P2_01,C16,P2,1,Medium,1.0008746179491261,-0.3882447156424487,-0.3734923056335699,-0.41303139804952504,0.38217723593202035,0.7627457404303446,1.1601316142552545,-0.6657051331951431,-1.2918487033035333,-0.11820465707418545,0.6048452954365134,-2.3046053611744797,0.8885127653612127,-0.310633736620847,-0.9924711348738195,-0.2546409786830109,-0.6672386504959028,0.6915725112502926,0.6298174817908894,-0.5291644202258177,1.5575705842578476,0.812936768444561,0.6151371700944316,-0.901209435115641,1.6729985618875862,0.08139396678482934,0.55981134156445,0.12119272029756001,-0.04989246604845039,0.7049701324017644,0.5175278096501933,1.010199468555992,-0.1822799496354332,-0.3734923056335699,0.24358885067378216,-1.1942895567488392,-0.5361125431851115,-0.5074095073206121,-0.6123844450210051,0.9144403705349325,0.38217723593202035,0.1340941231446178,1.1264442971502728,-0.1475635546009058,0.31161641000237394
C16_P2_05,C16,P2,5,Medium,0.8700393923306913,-0.3672506266547713,-0.09533697218934724,-0.07151315299560833,0.5341880676181209,0.6122324492479816,1.236882611892745,-1.1600822403726343,-1.6177069122734915,-0.2669172239481591,0.8215338853017857,-3.0506346687193124,0.5275651190163285,-0.49499829371244164,-0.9924711348738195,-0.2533988824499195,-0.645705388656559,0.6831660199628585,0.7451169127231978,-0.4860984141079102,1.1995930740922887,0.7050857730631593,0.6151371700944316,-0.901209435115641,1.43960219471737,0.08139396678482934,0.4745653925019734,-0.14704237273034698,0.00869320215284819,0.744808966230313,0.5005500855267998,0.9432314455256915,-0.14573490932235572,-0.09533697218934724,0.2585330792032506,-1.3282661879333386,-0.5974824154141631,-0.8356219008545858,-0.5949055180581849,0.9144403705349325,0.5341880676181209,0.09644950003467806,1.0479342601952377,-0.15137828419858282,1.0511092083008111
C16_P2_10,C16,P2,10,Medium,1.0482057950791803,-0.2868588147910238,-0.04174095969553249,-0.3003738203055551,0.6091891870150635,0.6941840989713116,1.2761759512192843,-0.7925507580759852,-1.1854058965757748,-0.08223814110455477,0.6180989084584214,-2.311261456178878,0.725534421785508,-0.33853729367556634,-0.9924711348738195,-0.25514319562881355,-0.6616062913375996,0.6250144396089347,0.5551969511983881,-0.5534176535158042,1.6020984436588162,0.9264185386852415,0.6151371700944316,-0.901209435115641,1.8591247787447718,0.08139396678482934,0.5520765453977573,0.29114348279886104,-0.09317581726030197,0.7559655218458631,0.48144419419722156,1.060297756423263,-0.21268882969747124,-0.04174095969553249,0.5329663032634038,-1.0622812762211518,-0.5157923023053835,-0.604152582177365,-0.607247780770707,0.9144403705349325,0.6091891870150635,0.0875970593627463,0.8536394441097923,-0.14621367860559983,0.876680370129872
C16_P3_01,C16,P3,1,Medium,0.9242004516881231,0.23753107672951798,-0.5154446848479907,-1.5177885494954537,0.11529515293454726,1.107183312333454,0.5395680148718297,-0.17863971699844924,-1.3583539678925203,0.12220825765221464,-1.6595923079203658,0.16041331844034865,1.008318055378465,-0.2992790996767362,-0.9924711348738195,-0.24611277148418945,-0.6934397313792979,0.6328623116030849,0.5655715890109358,-0.3110951898803416,1.0857610787955843,0.8770409745346209,1.2512679005747749,-0.901209435115641,1.5326653031459618,0.08139396678482934,1.6008161075554523,0.80796398566727,-0.17580797111654936,0.754231465467409,1.5057770615202746,1.468139269526772,-1.2222685467470293,-0.5154446848479907,0.01860251398781633,-0.6770397101375117,-0.5622408585056734,-0.3365790336812744,-1.0090544272766762,0.9144403705349325,0.11529515293454726,-0.11242823415629989,0.2258729464246629,-0.13449794076042762,0.07685494225092063
C16_P3_05,C16,P3,5,Medium,0.8240238364927598,-0.2128829072462622,-0.5128139040784239,-1.33854145225691,0.3072608548189463,1.075794295727689,0.6496083113118772,-0.29766708554905424,-1.5905246330575056,0.40257878526665175,-0.8727107737842386,-0.8206586083246494,0.29035456704700885,-0.3167561408401542,-0.9924711348738195,-0.2481694484223618,-0.6664195617078451,0.586441291375732,0.47181274419170005,-0.2985899147025053,1.282294867022366,0.8345935948262888,1.2512679005747749,-0.901209435115641,1.6131722778977293,0.08139396678482934,0.5001366220764056,1.1713097725548804,-0.1457628965393768,0.7611972382032227,0.4771719423552495,1.2276677928485236,-0.7966808943099051,-0.5128139040784239,0.661912204498879,-1.068034888700518,-0.44038251316502525,-0.31987597137266083,-0.5931002318703833,0.9144403705349325,0.3072608548189463,0.0990634777062781,0.145290328545481,-0.13356560867353323,0.2970144920841697
C16_P3_10,C16,P3,10,Medium,0.8288553074325781,-0.2188124754745503,-0.4918766912589855,-1.1990110149069286,0.2768946033180888,0.9202596295155816,0.6034394183366648,-0.305789346360063,-1.3332087915146225,-0.030611936160594697,-0.9444301477111698,-0.0443197043424674,0.9992514893395268,-0.4856968925413996,-0.9924711348738195,-0.24564820871350398,-0.680322777503234,0.4741584960504563,0.37115980361416817,-0.30507070346755355,1.0981111773194316,0.8397912331579407,1.2512679005747749,-0.901209435115641,1.562209147091579,0.08139396678482934,-0.1667488057666705,0.9328696138786662,-0.054766851675688025,0.8002581739833923,-0.12187074998914396,1.3813539098504741,-0.7174628277221172,-0.4918766912589855,0.5076944957283778,-0.789496629808607,-0.4014897590729039,-0.44508513173764835,-0.14681103709113016,0.9144403705349325,0.2768946033180888,0.1427315566052463,0.016145288357489043,-0.129393480430014,4.8016158865681815e-05
C16_P4_05,C16,P4,5,Medium,0.5200126389933506,-0.06515184926614644,0.4288973869990179,-1.8511185092799782,0.3936040171446019,0.6067282973612181,1.2913331066472766,1.8149799078146545,0.1019594361615327,-1.4734208799519124,-0.877800057719861,0.03499331880319895,0.6214570328893227,-0.34071535775381534,-1.0358238822140595,-0.7475173801047863,-0.5430993484060527,0.2297479282545381,0.022678931930863948,1.8105149347842835,1.0823710806691436,0.7977769899772346,1.2512679005747749,-0.16065850367789816,1.4839179606356845,0.08139396678482934,1.5314539445467021,-0.0267059968798337,0.32190171533824014,0.7389798328140202,1.3030449346930089,1.6184520348707652,-1.467076080954284,0.4288973869990179,0.6223291186511865,-0.18316856211879518,0.015172763660482426,2.3789804155608305,-0.977110111345298,0.9144403705349325,0.3936040171446019,0.29421473783910945,-0.2728078812984435,-0.8552070662820169,-0.6574422429271941
C16_P5_05,C16,P5,5,Medium,0.7447928961438867,0.4063327514139439,-1.6806899216110103,0.5567183847790144,-0.17284820487442393,1.554400103317907,0.8288233489899695,0.13000213228673724,-0.83475623844751,0.5491875837302598,-0.6493153570899933,1.1109216573664735,0.9817974856334435,-0.2349959323242166,1.4136063425095036,1.5172003636959681,3.207223305900489,0.5432925166216467,0.7769487442236928,0.00029676951451207493,1.0055945432706999,0.7522976545753858,-0.020993560385910003,-0.16065850367789816,1.297791743778499,-1.4001752297546692,-0.8022439084669047,0.5543055193433112,-0.030012652556539933,0.6864148626635703,-0.6470740388582162,1.558003138647489,-0.9386176509172809,-1.6806899216110103,0.4247061821296073,-0.18871163427944482,-0.5077581122864887,-0.1759845117670256,0.7173331684524077,0.9144403705349325,-0.17284820487442393,-0.18553575833097222,0.828339803753437,0.6396332632942066,-0.23866788998682292
C16_P6_05,C16,P6,5,Medium,1.0977062301184635,1.0973319413548637,0.3929636908306588,-0.47099769081750764,0.03108043300527735,3.2382787647405205,1.6269030603858357,0.4532277208965005,-1.0542587035403475,0.5957454579703604,0.074754061700459,-0.11235397386634133,0.019114072802992817,-0.34706012985979023,1.4569590898497435,0.42936317932687396,0.23804498339885866,1.5892650664913233,1.3992664469760059,-0.27643735139633796,1.385803215892931,0.894799572167838,1.2512679005747749,-0.901209435115641,1.681861715071293,-1.4001752297546692,1.4606854221023513,0.9216221702496898,-0.4084778648376132,0.8309506317369335,1.6030139669990808,1.074247560738528,-1.2131155364397868,0.3929636908306588,0.1373977650995373,-0.8861993135822019,-1.0647232791741434,0.4922603568496705,-1.002964858252535,0.9144403705349325,0.03108043300527735,-1.0827461584886238,0.8939321471333169,0.9711852828509389,-0.48350896029239515
